level,wood,clay,stone,crop,crop con.,time,cp,total,res/cp,time/cp,cp_delta,name,eff_efficiency
1,180,130,150,80,3,0 days 00:33:20,5,540,108.0,0 days 00:06:40,5.0,Embassy,108.0
1,40,50,30,10,0,0 days 00:12:30,1,130,130.0,0 days 00:12:30,1.0,Cranny,130.0
2,90,50,75,25,1,0 days 00:43:40,3,240,240.0,0 days 00:43:40,1.0,Main Building,226.42857142857142
3,115,65,100,35,1,0 days 00:55:40,3,315,,,0.0,Main Building,226.42857142857142
1,130,160,90,40,1,0 days 00:33:20,1,420,420.0,0 days 00:33:20,1.0,Warehouse,226.42857142857142
1,80,100,70,20,1,0 days 00:26:40,1,270,270.0,0 days 00:26:40,1.0,Granary,226.42857142857142
1,80,70,120,70,4,0 days 00:30:00,4,340,85.0,0 days 00:07:30,4.0,Marketplace,226.42857142857142
1,70,90,70,20,0,0 days 00:02:30,1,250,250.0,0 days 00:02:30,1.0,Cropland,250.0
1,80,40,80,50,2,0 days 00:03:40,1,250,250.0,0 days 00:03:40,1.0,Clay Pit,250.0
1,40,100,50,60,2,0 days 00:04:32,1,250,250.0,0 days 00:04:32,1.0,Woodcutter,250.0
1,100,80,30,60,3,0 days 00:02:30,1,270,270.0,0 days 00:02:30,1.0,Iron Mine,270.0
2,50,65,40,15,0,0 days 00:19:30,1,170,,,0.0,Cranny,380.0
3,65,80,50,15,0,0 days 00:27:40,2,210,210.0,0 days 00:27:40,1.0,Cranny,380.0
1,110,160,90,70,1,0 days 00:33:20,1,430,430.0,0 days 00:33:20,1.0,Rally Point,395.0
1,80,120,70,90,4,0 days 00:33:20,1,360,360.0,0 days 00:33:20,1.0,Trapper,395.0
4,145,85,125,40,1,0 days 01:09:30,4,395,395.0,0 days 01:09:30,1.0,Main Building,395.0
1,70,90,170,70,0,0 days 00:33:20,1,400,400.0,0 days 00:33:20,1.0,Wall,400.0
5,190,105,160,55,1,0 days 01:25:40,5,510,510.0,0 days 01:25:40,1.0,Main Building,408.57142857142856
1,550,800,750,250,1,0 days 01:23:20,6,2350,391.6666666666667,0 days 00:13:53,6.0,Palace,408.57142857142856
1,155,130,125,70,2,0 days 00:31:40,1,480,480.0,0 days 00:31:40,1.0,Stonemason's Lodge,480.0
1,210,140,260,120,4,0 days 00:31:00,1,730,730.0,0 days 00:31:00,1.0,Barracks,482.14285714285717
2,270,180,335,155,2,0 days 00:40:30,1,940,,,0.0,Barracks,482.14285714285717
3,345,230,425,195,2,0 days 00:51:40,2,1195,1195.0,0 days 00:51:40,1.0,Barracks,482.14285714285717
1,220,160,90,40,4,0 days 00:31:00,5,510,102.0,0 days 00:06:12,5.0,Academy,482.14285714285717
1,180,250,500,160,4,0 days 02:46:40,2,1090,545.0,0 days 01:23:20,2.0,Smithy,545.0
6,240,135,205,70,2,0 days 01:44:20,6,650,650.0,0 days 01:44:20,1.0,Main Building,641.25
7,310,175,265,90,2,0 days 02:06:10,7,840,840.0,0 days 02:06:10,1.0,Main Building,641.25
8,395,225,340,115,2,0 days 02:31:20,9,1075,537.5,0 days 01:15:40,2.0,Main Building,641.25
2,280,205,115,50,2,0 days 00:40:30,6,650,650.0,0 days 00:40:30,1.0,Academy,650.0
2,230,165,190,100,2,0 days 00:43:40,6,685,685.0,0 days 00:43:40,1.0,Embassy,685.0
2,100,90,155,90,2,0 days 00:39:50,4,435,,,0.0,Marketplace,754.2857142857143
3,130,115,195,115,2,0 days 00:51:10,5,555,555.0,0 days 00:51:10,1.0,Marketplace,754.2857142857143
4,170,145,250,145,2,0 days 01:04:20,6,710,710.0,0 days 01:04:20,1.0,Marketplace,754.2857142857143
5,215,190,320,190,2,0 days 01:19:40,7,915,915.0,0 days 01:19:40,1.0,Marketplace,754.2857142857143
6,275,240,410,240,3,0 days 01:37:20,9,1165,582.5,0 days 00:48:40,2.0,Marketplace,754.2857142857143
7,350,310,530,310,3,0 days 01:58:00,11,1500,750.0,0 days 00:59:00,2.0,Marketplace,754.2857142857143
2,100,130,90,25,1,0 days 00:36:00,1,345,,,0.0,Granary,790.0
3,130,165,115,35,1,0 days 00:46:40,2,445,445.0,0 days 00:46:40,1.0,Granary,790.0
1,590,460,350,180,1,0 days 00:33:20,2,1580,790.0,0 days 00:16:40,2.0,Residence,790.0
3,360,260,145,65,2,0 days 00:51:40,7,830,830.0,0 days 00:51:40,1.0,Academy,816.25
4,460,335,190,85,2,0 days 01:04:40,8,1070,1070.0,0 days 01:04:40,1.0,Academy,816.25
5,590,430,240,105,2,0 days 01:19:40,10,1365,682.5,0 days 00:39:50,2.0,Academy,816.25
4,85,105,65,20,0,0 days 00:37:00,2,275,,,0.0,Cranny,817.5
5,105,135,80,25,0,0 days 00:48:00,2,345,,,0.0,Cranny,817.5
6,135,170,105,35,1,0 days 01:00:40,3,445,445.0,0 days 01:00:40,1.0,Cranny,817.5
7,175,220,130,45,1,0 days 01:15:20,4,570,570.0,0 days 01:15:20,1.0,Cranny,817.5
3,295,215,245,130,2,0 days 00:55:40,7,885,885.0,0 days 00:55:40,1.0,Embassy,868.75
4,375,275,315,170,2,0 days 01:09:30,8,1135,1135.0,0 days 01:09:30,1.0,Embassy,868.75
5,485,350,405,215,2,0 days 01:25:40,10,1455,727.5,0 days 00:42:50,2.0,Embassy,868.75
6,755,550,310,135,3,0 days 01:37:00,12,1750,875.0,0 days 00:48:30,2.0,Academy,875.0
9,505,290,430,145,2,0 days 03:00:30,10,1370,1370.0,0 days 03:00:30,1.0,Main Building,894.1666666666666
10,645,370,555,185,2,0 days 03:34:20,12,1755,877.5,0 days 01:47:10,2.0,Main Building,894.1666666666666
11,825,470,710,235,2,0 days 04:13:40,15,2240,746.6666666666666,0 days 01:24:33,3.0,Main Building,894.1666666666666
7,970,705,395,175,3,0 days 01:57:10,14,2245,1122.5,0 days 00:58:35,2.0,Academy,905.2941176470588
8,1240,900,505,225,3,0 days 02:20:30,17,2870,956.6666666666666,0 days 00:46:50,3.0,Academy,905.2941176470588
9,1585,1155,650,290,3,0 days 02:47:40,21,3680,920.0,0 days 00:41:55,4.0,Academy,905.2941176470588
10,2030,1475,830,370,3,0 days 03:19:10,25,4705,1176.25,0 days 00:49:47,4.0,Academy,905.2941176470588
1,460,510,600,320,3,0 days 00:46:30,4,1890,472.5,0 days 00:11:37,4.0,Workshop,905.2941176470588
1,1250,1110,1260,600,4,0 days 02:29:50,6,4220,703.3333333333334,0 days 00:24:58,6.0,Townhall,703.3333333333334
6,620,445,515,275,2,0 days 01:44:20,12,1855,927.5,0 days 00:52:10,2.0,Embassy,927.5
8,450,395,675,395,3,0 days 02:21:50,13,1915,957.5,0 days 01:10:55,2.0,Marketplace,937.5
9,575,505,865,505,3,0 days 02:49:30,15,2450,1225.0,0 days 01:24:45,2.0,Marketplace,937.5
10,740,645,1105,645,3,0 days 03:21:40,19,3135,783.75,0 days 00:50:25,4.0,Marketplace,937.5
12,1060,605,905,300,2,0 days 04:59:10,18,2870,956.6666666666666,0 days 01:39:43,3.0,Main Building,956.6666666666666
7,790,570,660,350,2,0 days 02:06:10,14,2370,1185.0,0 days 01:03:05,2.0,Embassy,1032.7777777777778
8,1015,730,845,450,2,0 days 02:31:20,17,3040,1013.3333333333334,0 days 00:50:26,3.0,Embassy,1032.7777777777778
9,1295,935,1080,575,2,0 days 03:00:30,21,3885,971.25,0 days 00:45:07,4.0,Embassy,1032.7777777777778
2,100,155,90,115,2,0 days 00:38:40,1,460,,,0.0,Trapper,1045.0
3,130,195,115,145,2,0 days 00:44:50,2,585,585.0,0 days 00:44:50,1.0,Trapper,1045.0
13,1355,775,1160,385,2,0 days 05:52:10,21,3675,1225.0,0 days 01:57:23,3.0,Main Building,1047.5
14,1735,990,1485,495,2,0 days 06:53:30,26,4705,941.0,0 days 01:22:42,5.0,Main Building,1047.5
2,115,150,115,35,0,0 days 00:07:20,1,415,,,0.0,Cropland,1110.0
3,195,250,195,55,0,0 days 00:15:00,2,695,695.0,0 days 00:15:00,1.0,Cropland,1110.0
2,65,165,85,100,1,0 days 00:10:20,1,415,,,0.0,Woodcutter,1110.0
3,110,280,140,165,1,0 days 00:19:50,2,695,695.0,0 days 00:19:50,1.0,Woodcutter,1110.0
2,135,65,135,85,1,0 days 00:09:10,1,420,,,0.0,Clay Pit,1120.0
3,225,110,225,140,1,0 days 00:18:00,2,700,700.0,0 days 00:18:00,1.0,Clay Pit,1120.0
11,945,825,1415,825,3,0 days 03:59:00,22,4010,1336.6666666666667,0 days 01:19:40,3.0,Marketplace,1144.375
12,1210,1060,1815,1060,3,0 days 04:42:10,27,5145,1029.0,0 days 00:56:26,5.0,Marketplace,1144.375
2,90,115,220,90,0,0 days 00:43:40,1,515,,,0.0,Wall,1170.0
3,115,145,280,115,0,0 days 00:55:40,2,655,655.0,0 days 00:55:40,1.0,Wall,1170.0
11,2595,1890,1065,470,3,0 days 03:55:40,30,6020,1204.0,0 days 00:47:08,5.0,Academy,1204.0
2,165,135,50,100,2,0 days 00:15:20,1,450,,,0.0,Iron Mine,1205.0
3,280,225,85,165,2,0 days 00:27:50,2,755,755.0,0 days 00:27:50,1.0,Iron Mine,1205.0
15,2220,1270,1900,635,2,0 days 08:04:40,31,6025,1205.0,0 days 01:36:56,5.0,Main Building,1205.0
2,230,320,640,205,2,0 days 03:38:20,3,1395,1395.0,0 days 03:38:20,1.0,Smithy,1206.25
3,295,410,820,260,2,0 days 04:38:20,3,1785,,,0.0,Smithy,1206.25
1,260,140,220,100,5,0 days 00:34:00,2,720,360.0,0 days 00:17:00,2.0,Stable,1206.25
2,335,180,280,130,3,0 days 00:44:10,3,925,925.0,0 days 00:44:10,1.0,Stable,1206.25
2,165,205,115,50,1,0 days 00:40:30,1,535,,,0.0,Warehouse,1220.0
3,215,260,145,65,1,0 days 00:55:40,2,685,685.0,0 days 00:55:40,1.0,Warehouse,1220.0
10,1660,1200,1385,740,2,0 days 03:34:20,25,4985,1246.25,0 days 00:53:35,4.0,Embassy,1246.25
13,1545,1355,2320,1355,3,0 days 05:32:20,32,6575,1315.0,0 days 01:06:28,5.0,Marketplace,1249.5833333333333
14,1980,1735,2970,1735,3,0 days 06:30:30,39,8420,1202.857142857143,0 days 00:55:47,7.0,Marketplace,1249.5833333333333
2,140,205,115,90,1,0 days 00:43:40,1,550,,,0.0,Rally Point,1250.0
3,180,260,145,115,1,0 days 00:55:40,2,700,700.0,0 days 00:55:40,1.0,Rally Point,1250.0
11,2125,1535,1770,945,3,0 days 04:13:40,30,6375,1275.0,0 days 00:50:44,5.0,Embassy,1275.0
16,2840,1625,2435,810,3,0 days 09:27:10,37,7710,1285.0,0 days 01:34:31,6.0,Main Building,1285.0
12,3325,2420,1360,605,3,0 days 04:38:00,36,7710,1285.0,0 days 00:46:20,6.0,Academy,1285.0
13,4255,3095,1740,775,3,0 days 05:27:10,43,9865,1409.2857142857142,0 days 00:46:44,7.0,Academy,1291.2903225806451
14,5445,3960,2230,990,3,0 days 06:24:10,51,12625,1578.125,0 days 00:48:01,8.0,Academy,1291.2903225806451
15,6970,5070,2850,1270,3,0 days 07:30:20,62,16160,1469.090909090909,0 days 00:40:56,11.0,Academy,1291.2903225806451
1,320,280,420,360,4,0 days 00:50:00,5,1380,276.0,0 days 00:10:00,5.0,Hospital,1291.2903225806451
1,2880,2740,2580,990,4,0 days 01:35:50,7,9190,1312.857142857143,0 days 00:13:41,7.0,Treasury,1312.857142857143
1,400,500,350,100,1,0 days 01:56:40,1,1350,1350.0,0 days 01:56:40,1.0,Great Granary,1350.0
12,2720,1965,2265,1210,3,0 days 04:59:10,36,8160,1360.0,0 days 00:49:51,6.0,Embassy,1360.0
2,200,165,160,90,1,0 days 00:45:20,1,615,,,0.0,Stonemason's Lodge,1405.0
3,255,215,205,115,1,0 days 01:01:20,2,790,790.0,0 days 01:01:20,1.0,Stonemason's Lodge,1405.0
17,3635,2075,3115,1040,3,0 days 11:02:50,44,9865,1409.2857142857142,0 days 01:34:41,7.0,Main Building,1405.9375
18,4650,2660,3990,1330,3,0 days 12:54:00,53,12630,1403.3333333333333,0 days 01:26:00,9.0,Main Building,1405.9375
8,225,280,170,55,1,0 days 01:32:20,4,730,,,0.0,Cranny,1430.0
9,290,360,215,70,1,0 days 01:52:10,5,935,935.0,0 days 01:52:10,1.0,Cranny,1430.0
10,370,460,275,90,1,0 days 02:15:10,6,1195,1195.0,0 days 02:15:10,1.0,Cranny,1430.0
19,5955,3405,5105,1700,3,0 days 15:02:50,64,16165,1469.5454545454545,0 days 01:22:04,11.0,Main Building,1469.5454545454545
13,3480,2515,2900,1545,3,0 days 05:52:10,43,10440,1491.4285714285713,0 days 00:50:18,7.0,Embassy,1491.4285714285713
15,2535,2220,3805,2220,3,0 days 07:38:00,46,10780,1540.0,0 days 01:05:25,7.0,Marketplace,1508.2142857142858
16,3245,2840,4870,2840,4,0 days 08:56:20,55,13795,1532.7777777777778,0 days 00:59:35,9.0,Marketplace,1508.2142857142858
17,4155,3635,6230,3635,4,0 days 10:27:00,67,17655,1471.25,0 days 00:52:15,12.0,Marketplace,1508.2142857142858
20,7620,4355,6535,2180,3,0 days 17:32:10,77,20690,1591.5384615384614,0 days 01:20:56,13.0,Main Building,1591.5384615384614
14,4455,3220,3715,1980,3,0 days 06:53:30,51,13370,1671.25,0 days 00:51:41,8.0,Embassy,1604.4736842105262
15,5705,4120,4755,2535,3,0 days 08:04:40,62,17115,1555.909090909091,0 days 00:44:03,11.0,Embassy,1604.4736842105262
4,170,210,145,40,1,0 days 00:59:10,2,565,,,0.0,Granary,1707.5
5,215,270,190,55,1,0 days 01:13:40,2,730,,,0.0,Granary,1707.5
6,275,345,240,70,1,0 days 01:30:20,3,930,930.0,0 days 01:30:20,1.0,Granary,1707.5
7,350,440,310,90,1,0 days 01:49:50,4,1190,1190.0,0 days 01:49:50,1.0,Granary,1707.5
16,8925,6490,3650,1625,4,0 days 08:47:00,74,20690,1724.1666666666667,0 days 00:43:55,12.0,Academy,1724.1666666666667
18,5315,4650,7975,4650,4,0 days 12:12:20,80,22590,1737.6923076923076,0 days 00:56:20,13.0,Marketplace,1737.6923076923076
17,11425,8310,4675,2075,4,0 days 10:16:00,89,26485,1765.6666666666667,0 days 00:41:04,15.0,Academy,1765.6666666666667
2,410,360,540,460,2,0 days 01:03:00,6,1770,1770.0,0 days 01:03:00,1.0,Hospital,1770.0
19,6805,5955,10210,5955,4,0 days 14:14:30,96,28925,1807.8125,0 days 00:53:24,16.0,Marketplace,1807.8125
16,7300,5275,6085,3245,3,0 days 09:27:10,74,21905,1825.4166666666667,0 days 00:47:15,12.0,Embassy,1825.4166666666667
17,9345,6750,7790,4155,3,0 days 11:02:50,89,28040,1869.3333333333333,0 days 00:44:11,15.0,Embassy,1869.3333333333333
20,8710,7620,13065,7620,4,0 days 16:36:20,115,37015,1948.157894736842,0 days 00:52:26,19.0,Marketplace,1948.157894736842
18,14620,10635,5980,2660,4,0 days 11:59:10,106,33895,1993.8235294117646,0 days 00:42:18,17.0,Academy,1981.5384615384614
19,18715,13610,7655,3405,4,0 days 13:59:00,128,43385,1972.0454545454545,0 days 00:38:08,22.0,Academy,1981.5384615384614
2,740,590,450,230,1,0 days 00:43:40,3,2010,2010.0,0 days 00:43:40,1.0,Residence,2010.0
18,11965,8640,9970,5315,3,0 days 12:54:00,106,35890,2111.176470588235,0 days 00:45:31,17.0,Embassy,2098.2051282051284
19,15315,11060,12760,6805,3,0 days 15:02:50,128,45940,2088.181818181818,0 days 00:41:02,22.0,Embassy,2098.2051282051284
1,650,800,450,200,1,0 days 02:30:00,1,2100,2100.0,0 days 02:30:00,1.0,Great Warehuose,2100.0
3,525,460,690,590,2,0 days 01:18:05,7,2265,2265.0,0 days 01:18:05,1.0,Hospital,2213.75
4,670,585,880,755,2,0 days 01:35:34,8,2890,2890.0,0 days 01:35:34,1.0,Hospital,2213.75
5,860,750,1125,965,2,0 days 01:55:52,10,3700,1850.0,0 days 00:57:56,2.0,Hospital,2213.75
20,23955,17420,9800,4355,4,0 days 16:17:50,153,55530,2221.2,0 days 00:39:06,25.0,Academy,2221.2
4,170,250,145,190,2,0 days 00:52:00,2,755,,,0.0,Trapper,2270.0
5,215,320,190,240,2,0 days 01:00:20,2,965,,,0.0,Trapper,2270.0
6,275,410,240,310,3,0 days 01:10:00,3,1235,1235.0,0 days 01:10:00,1.0,Trapper,2270.0
7,350,530,310,395,3,0 days 01:21:10,4,1585,1585.0,0 days 01:21:10,1.0,Trapper,2270.0
4,375,525,1050,335,2,0 days 05:47:50,4,2285,2285.0,0 days 05:47:50,1.0,Smithy,2285.0
2,705,1025,960,320,1,0 days 01:41:40,7,3010,3010.0,0 days 01:41:40,1.0,Palace,2286.6666666666665
3,900,1310,1230,410,1,0 days 02:03:00,9,3850,1925.0,0 days 01:01:30,2.0,Palace,2286.6666666666665
1,700,670,700,240,2,0 days 00:35:39,1,2310,2310.0,0 days 00:35:39,1.0,Hero's Mansion,2310.0
3,425,230,360,165,3,0 days 00:55:50,3,1180,,,0.0,Stable,2312.5
4,545,295,460,210,3,0 days 01:09:30,4,1510,1510.0,0 days 01:09:30,1.0,Stable,2312.5
5,700,375,590,270,3,0 days 01:25:10,5,1935,1935.0,0 days 01:25:10,1.0,Stable,2312.5
6,895,480,755,345,3,0 days 01:43:30,6,2475,2475.0,0 days 01:43:30,1.0,Stable,2351.3636363636365
7,1145,615,970,440,3,0 days 02:04:40,7,3170,3170.0,0 days 02:04:40,1.0,Stable,2351.3636363636365
8,1465,790,1240,565,3,0 days 02:29:20,9,4060,2030.0,0 days 01:14:40,2.0,Stable,2351.3636363636365
9,1875,1010,1585,720,3,0 days 02:57:50,10,5190,5190.0,0 days 02:57:50,1.0,Stable,2351.3636363636365
10,2400,1290,2030,920,3,0 days 03:31:00,12,6640,3320.0,0 days 01:45:30,2.0,Stable,2351.3636363636365
1,1400,1330,1200,400,3,0 days 00:46:30,4,4330,1082.5,0 days 00:11:37,4.0,Trade Office,2351.3636363636365
20,19600,14155,16335,8710,3,0 days 17:32:10,153,58800,2352.0,0 days 00:42:05,25.0,Embassy,2352.0
6,1100,960,1445,1235,3,0 days 02:19:24,12,4740,2370.0,0 days 01:09:42,2.0,Hospital,2370.0
4,145,190,355,145,0,0 days 01:09:30,2,835,,,0.0,Wall,2525.0
5,190,240,455,190,0,0 days 01:25:40,2,1075,,,0.0,Wall,2525.0
6,240,310,585,240,1,0 days 01:44:20,3,1375,1375.0,0 days 01:44:20,1.0,Wall,2525.0
7,310,395,750,310,1,0 days 02:06:10,4,1765,1765.0,0 days 02:06:10,1.0,Wall,2525.0
8,450,565,395,115,1,0 days 02:12:30,4,1525,,,0.0,Granary,2635.0
9,575,720,505,145,1,0 days 02:38:40,5,1945,1945.0,0 days 02:38:40,1.0,Granary,2635.0
10,740,920,645,185,1,0 days 03:09:00,6,2490,2490.0,0 days 03:09:00,1.0,Granary,2635.0
11,945,1180,825,235,2,0 days 03:44:10,7,3185,3185.0,0 days 03:44:10,1.0,Granary,2635.0
12,1210,1510,1060,300,2,0 days 04:25:10,9,4080,2040.0,0 days 02:12:35,2.0,Granary,2635.0
13,1545,1935,1355,385,2,0 days 05:12:30,11,5220,2610.0,0 days 02:36:15,2.0,Granary,2635.0
7,1405,1230,1845,1585,3,0 days 02:46:42,14,6065,3032.5,0 days 01:23:21,2.0,Hospital,2641.6666666666665
8,1800,1575,2365,2025,3,0 days 03:18:23,17,7765,2588.3333333333335,0 days 01:06:07,3.0,Hospital,2641.6666666666665
9,2305,2020,3025,2595,3,0 days 03:55:07,21,9945,2486.25,0 days 00:58:46,4.0,Hospital,2641.6666666666665
4,275,335,190,85,1,0 days 01:09:30,2,885,,,0.0,Warehouse,2647.5
5,350,430,240,105,1,0 days 01:25:40,2,1125,,,0.0,Warehouse,2647.5
6,445,550,310,135,1,0 days 01:44:20,3,1440,1440.0,0 days 01:44:20,1.0,Warehouse,2647.5
7,570,705,395,175,1,0 days 02:06:10,4,1845,1845.0,0 days 02:06:10,1.0,Warehouse,2647.5
4,230,335,190,145,1,0 days 01:09:30,2,900,,,0.0,Rally Point,2715.0
5,295,430,240,190,1,0 days 01:25:40,2,1155,,,0.0,Rally Point,2715.0
6,380,550,310,240,1,0 days 01:44:20,3,1480,1480.0,0 days 01:44:20,1.0,Rally Point,2715.0
7,485,705,395,310,1,0 days 02:06:10,4,1895,1895.0,0 days 02:06:10,1.0,Rally Point,2715.0
11,3070,1655,2595,1180,4,0 days 04:09:20,15,8500,2833.3333333333335,0 days 01:23:06,3.0,Stable,2833.3333333333335
5,485,670,1340,430,2,0 days 07:08:30,5,2925,2925.0,0 days 07:08:30,1.0,Smithy,2925.0
4,325,275,260,145,1,0 days 01:19:40,2,1005,,,0.0,Stonemason's Lodge,3027.5
5,415,350,335,190,1,0 days 01:41:10,2,1290,,,0.0,Stonemason's Lodge,3027.5
6,535,445,430,240,2,0 days 02:05:50,3,1650,1650.0,0 days 02:05:50,1.0,Stonemason's Lodge,3027.5
7,680,570,550,310,2,0 days 02:34:40,4,2110,2110.0,0 days 02:34:40,1.0,Stonemason's Lodge,3027.5
10,2950,2585,3875,3320,3,0 days 04:37:44,25,12730,3182.5,0 days 01:09:26,4.0,Hospital,3182.5
4,1155,1680,1575,575,1,0 days 02:27:40,10,4985,4985.0,0 days 02:27:40,1.0,Palace,3227.6666666666665
5,1475,2145,2015,671,1,0 days 02:56:10,12,6306,3153.0,0 days 01:28:05,2.0,Palace,3227.6666666666665
6,1890,2750,2575,860,1,0 days 03:29:20,15,8075,2691.6666666666665,0 days 01:09:46,3.0,Palace,3227.6666666666665
11,3780,3305,4960,4250,3,0 days 05:27:11,30,16295,3259.0,0 days 01:05:26,5.0,Hospital,3259.0
14,1980,2475,1735,495,2,0 days 06:07:30,13,6685,3342.5,0 days 03:03:45,2.0,Granary,3342.5
7,2420,3520,3300,1100,1,0 days 04:08:00,18,10340,3446.6666666666665,0 days 01:22:40,3.0,Palace,3446.6666666666665
12,4835,4230,6345,5440,3,0 days 06:24:32,36,20850,3475.0,0 days 01:04:05,6.0,Hospital,3475.0
8,450,675,395,505,3,0 days 01:34:10,4,2025,,,0.0,Trapper,3513.5714285714284
9,575,865,505,650,3,0 days 01:49:20,5,2595,2595.0,0 days 01:49:20,1.0,Trapper,3513.5714285714284
10,740,1105,645,830,3,0 days 02:06:50,6,3320,3320.0,0 days 02:06:50,1.0,Trapper,3513.5714285714284
11,945,1415,825,1065,3,0 days 02:27:00,7,4250,4250.0,0 days 02:27:00,1.0,Trapper,3513.5714285714284
12,1210,1815,1060,1360,3,0 days 02:50:30,9,5445,2722.5,0 days 01:25:15,2.0,Trapper,3513.5714285714284
13,1545,2320,1355,1740,3,0 days 03:17:50,11,6960,3480.0,0 days 01:38:55,2.0,Trapper,3513.5714285714284
12,3930,2115,3325,1510,4,0 days 04:54:00,18,10880,3626.6666666666665,0 days 01:38:00,3.0,Stable,3626.6666666666665
6,620,860,1720,550,3,0 days 08:42:00,6,3750,3750.0,0 days 08:42:00,1.0,Smithy,3670.0
7,790,1100,2200,705,3,0 days 10:30:30,7,4795,4795.0,0 days 10:30:30,1.0,Smithy,3670.0
8,1015,1405,2815,900,3,0 days 12:36:20,9,6135,3067.5,0 days 06:18:10,2.0,Smithy,3670.0
15,2535,3170,2220,635,2,0 days 07:11:20,15,8560,4280.0,0 days 03:35:40,2.0,Granary,3676.4285714285716
16,3245,4055,2840,810,2,0 days 08:25:20,18,10950,3650.0,0 days 02:48:26,3.0,Granary,3676.4285714285716
17,4155,5190,3635,1040,2,0 days 09:51:10,22,14020,3505.0,0 days 02:27:47,4.0,Granary,3676.4285714285716
18,5315,6645,4650,1330,2,0 days 11:30:50,27,17940,3588.0,0 days 02:18:10,5.0,Granary,3676.4285714285716
19,6805,8505,5955,1700,2,0 days 13:26:20,32,22965,4593.0,0 days 02:41:16,5.0,Granary,3734.4444444444443
20,8710,10890,7620,2180,2,0 days 15:40:20,38,29400,4900.0,0 days 02:36:43,6.0,Granary,3734.4444444444443
8,615,900,505,395,1,0 days 02:31:20,4,2415,,,0.0,Rally Point,3734.4444444444443
9,790,1155,645,505,1,0 days 03:00:30,5,3095,3095.0,0 days 03:00:30,1.0,Rally Point,3734.4444444444443
10,1010,1475,830,650,1,0 days 03:34:20,6,3965,3965.0,0 days 03:34:20,1.0,Rally Point,3734.4444444444443
1,1460,930,1250,1740,6,0 days 02:13:20,5,5380,1076.0,0 days 00:26:40,5.0,Brewery,3734.4444444444443
8,3095,4505,4220,1405,1,0 days 04:52:40,21,13225,4408.333333333333,0 days 01:37:33,3.0,Palace,3770.0
9,3965,5765,5405,1800,1,0 days 05:44:20,26,16935,3387.0,0 days 01:08:52,5.0,Palace,3770.0
13,6190,5415,8125,6965,3,0 days 07:31:03,43,26695,3813.5714285714284,0 days 01:04:26,7.0,Hospital,3813.5714285714284
11,1290,1890,1060,830,2,0 days 04:13:40,7,5070,5070.0,0 days 04:13:40,1.0,Rally Point,3856.6666666666665
12,1655,2420,1360,1065,2,0 days 04:59:10,9,6500,3250.0,0 days 02:29:35,2.0,Rally Point,3856.6666666666665
8,395,505,955,395,1,0 days 02:31:20,4,2250,,,0.0,Wall,3905.0
9,505,650,1225,505,1,0 days 03:00:30,5,2885,2885.0,0 days 03:00:30,1.0,Wall,3905.0
10,645,830,1570,645,1,0 days 03:34:20,6,3690,3690.0,0 days 03:34:20,1.0,Wall,3905.0
11,825,1065,2005,825,1,0 days 04:13:40,7,4720,4720.0,0 days 04:13:40,1.0,Wall,3905.0
12,1060,1360,2570,1060,1,0 days 04:59:10,9,6050,3025.0,0 days 02:29:35,2.0,Wall,3905.0
13,1355,1740,3290,1355,1,0 days 05:52:10,11,7740,3870.0,0 days 02:56:05,2.0,Wall,3905.0
2,510,640,450,130,1,0 days 02:20:20,1,1730,,,0.0,Great Granary,3945.0
3,655,820,575,165,1,0 days 02:47:50,2,2215,2215.0,0 days 02:47:50,1.0,Great Granary,3945.0
13,5030,2710,4255,1935,4,0 days 05:45:40,21,13930,4643.333333333333,0 days 01:55:13,3.0,Stable,3968.75
14,6435,3465,5445,2475,4,0 days 06:45:30,26,17820,3564.0,0 days 01:21:06,5.0,Stable,3968.75
14,7925,6930,10400,8915,3,0 days 08:48:13,51,34170,4271.25,0 days 01:06:01,8.0,Hospital,4100.263157894737
15,10140,8875,13310,11410,3,0 days 10:17:44,62,43735,3975.909090909091,0 days 00:56:09,11.0,Hospital,4100.263157894737
2,1600,1420,1615,770,2,0 days 02:57:20,7,5405,5405.0,0 days 02:57:20,1.0,Townhall,4108.333333333333
3,2050,1820,2065,985,2,0 days 03:29:20,9,6920,3460.0,0 days 01:44:40,2.0,Townhall,4108.333333333333
8,730,900,505,225,1,0 days 02:31:20,4,2360,,,0.0,Warehouse,4135.0
9,935,1155,650,290,1,0 days 03:00:30,5,3030,3030.0,0 days 03:00:30,1.0,Warehouse,4135.0
10,1200,1475,830,370,1,0 days 03:34:20,6,3875,3875.0,0 days 03:34:20,1.0,Warehouse,4135.0
11,1535,1890,1065,470,2,0 days 04:13:40,7,4960,4960.0,0 days 04:13:40,1.0,Warehouse,4135.0
12,1965,2420,1360,705,2,0 days 04:59:10,9,6450,3225.0,0 days 02:29:35,2.0,Warehouse,4135.0
13,2115,3100,1740,1360,2,0 days 05:52:10,11,8315,4157.5,0 days 02:56:05,2.0,Rally Point,4157.5
2,590,655,770,410,2,0 days 00:58:30,4,2425,,,0.0,Workshop,4195.714285714285
3,755,835,985,525,2,0 days 01:12:30,5,3100,3100.0,0 days 01:12:30,1.0,Workshop,4195.714285714285
4,965,1070,1260,670,2,0 days 01:28:50,6,3965,3965.0,0 days 01:28:50,1.0,Workshop,4195.714285714285
5,1235,1370,1610,860,2,0 days 01:47:40,7,5075,5075.0,0 days 01:47:40,1.0,Workshop,4195.714285714285
6,1580,1750,2060,1100,2,0 days 02:09:30,9,6490,3245.0,0 days 01:04:45,2.0,Workshop,4195.714285714285
7,2025,2245,2640,1405,2,0 days 02:35:00,11,8315,4157.5,0 days 01:17:30,2.0,Workshop,4195.714285714285
13,2515,3195,1740,975,2,0 days 05:52:10,11,8425,4212.5,0 days 02:56:05,2.0,Warehouse,4212.5
10,5075,7380,6920,2305,1,0 days 06:44:30,31,21680,4336.0,0 days 01:20:54,5.0,Palace,4336.0
14,1980,2970,1735,2230,3,0 days 03:49:30,13,8915,4457.5,0 days 01:54:45,2.0,Trapper,4457.5
11,6495,9445,8855,2950,2,0 days 07:54:10,37,27745,4624.166666666667,0 days 01:19:01,6.0,Palace,4518.571428571428
12,8310,12090,11335,3780,2,0 days 09:15:10,45,35515,4439.375,0 days 01:09:23,8.0,Palace,4518.571428571428
15,8240,4435,6970,3170,4,0 days 07:55:10,31,22815,4563.0,0 days 01:35:02,5.0,Stable,4563.0
4,440,295,545,250,2,0 days 01:04:40,2,1530,,,0.0,Barracks,4605.0
5,565,375,700,320,2,0 days 01:19:40,2,1960,,,0.0,Barracks,4605.0
6,720,480,895,410,3,0 days 01:37:00,3,2505,2505.0,0 days 01:37:00,1.0,Barracks,4605.0
7,925,615,1145,530,3,0 days 01:57:10,4,3215,3215.0,0 days 01:57:10,1.0,Barracks,4605.0
16,12980,11360,17035,14605,4,0 days 12:01:34,74,55980,4665.0,0 days 01:00:07,12.0,Hospital,4665.0
8,875,730,705,395,2,0 days 03:08:00,4,2705,,,0.0,Stonemason's Lodge,4685.714285714285
9,1115,935,900,505,2,0 days 03:46:50,5,3455,3455.0,0 days 03:46:50,1.0,Stonemason's Lodge,4685.714285714285
10,1430,1200,1155,645,2,0 days 04:31:40,6,4430,4430.0,0 days 04:31:40,1.0,Stonemason's Lodge,4685.714285714285
11,1830,1535,1475,825,2,0 days 05:23:50,7,5665,5665.0,0 days 05:23:50,1.0,Stonemason's Lodge,4685.714285714285
12,2340,1965,1890,1060,2,0 days 06:24:20,9,7255,3627.5,0 days 03:12:10,2.0,Stonemason's Lodge,4685.714285714285
13,3000,2515,2420,1355,2,0 days 07:34:20,11,9290,4645.0,0 days 03:47:10,2.0,Stonemason's Lodge,4685.714285714285
17,16615,14540,21810,18690,4,0 days 14:02:02,89,71655,4777.0,0 days 00:56:08,15.0,Hospital,4777.0
16,10545,5680,8925,4055,4,0 days 09:15:40,37,29205,4867.5,0 days 01:32:36,6.0,Stable,4867.5
15,2535,3805,2220,2850,3,0 days 04:26:20,15,11410,5705.0,0 days 02:13:10,2.0,Trapper,4902.142857142857
16,3245,4870,2840,3650,4,0 days 05:08:50,18,14605,4868.333333333333,0 days 01:42:56,3.0,Trapper,4902.142857142857
17,4155,6230,3635,4675,4,0 days 05:58:20,22,18695,4673.75,0 days 01:29:35,4.0,Trapper,4902.142857142857
18,5315,7975,4650,5980,4,0 days 06:55:40,27,23920,4784.0,0 days 01:23:08,5.0,Trapper,4902.142857142857
14,1735,2230,4210,1735,1,0 days 06:53:30,13,9910,4955.0,0 days 03:26:45,2.0,Wall,4955.0
3,950,755,575,295,1,0 days 00:55:40,3,2575,,,0.0,Residence,5040.0
4,1215,965,735,375,1,0 days 01:09:30,4,3290,3290.0,0 days 01:09:30,1.0,Residence,5040.0
5,1555,1235,940,485,1,0 days 01:25:40,5,4215,4215.0,0 days 01:25:40,1.0,Residence,5040.0
9,1295,1800,3605,1155,3,0 days 15:02:20,10,7855,7855.0,0 days 15:02:20,1.0,Smithy,5121.666666666667
10,1660,2305,4610,1475,3,0 days 17:51:50,12,10050,5025.0,0 days 08:55:55,2.0,Smithy,5121.666666666667
11,2125,2905,5905,1890,3,0 days 21:08:20,15,12825,4275.0,0 days 07:02:46,3.0,Smithy,5121.666666666667
17,13500,7270,11425,5190,4,0 days 10:49:20,44,37385,5340.714285714285,0 days 01:32:45,7.0,Stable,5165.568181818182
18,17280,9305,14620,6645,4,0 days 12:37:50,53,47850,5316.666666666667,0 days 01:24:12,9.0,Stable,5165.568181818182
19,22120,11910,18715,8505,4,0 days 14:43:50,64,61250,5568.181818181818,0 days 01:20:20,11.0,Stable,5165.568181818182
20,28310,15245,23955,10890,4,0 days 17:09:50,77,78400,6030.7692307692305,0 days 01:19:13,13.0,Stable,5165.568181818182
1,780,420,660,540,5,0 days 03:03:20,4,2400,600.0,0 days 00:45:50,4.0,Horse Drinking Pool,5165.568181818182
1,780,420,660,300,5,0 days 00:36:40,2,2160,1080.0,0 days 00:18:20,2.0,Great Stable,1080.0
2,1000,540,845,385,3,0 days 00:47:30,3,2770,2770.0,0 days 00:47:30,1.0,Great Stable,2770.0
14,3220,3960,2230,990,2,0 days 06:53:30,13,10400,5200.0,0 days 03:26:45,2.0,Warehouse,5200.0
8,2590,2870,3380,1800,2,0 days 03:04:20,13,10640,5320.0,0 days 01:32:10,2.0,Workshop,5211.875
9,3315,3675,4325,2305,2,0 days 03:38:30,15,13620,6810.0,0 days 01:49:15,2.0,Workshop,5211.875
10,4245,4705,5535,2950,2,0 days 04:18:10,19,17435,4358.75,0 days 01:04:32,4.0,Workshop,5211.875
6,1995,1580,1205,620,1,0 days 01:44:20,6,5400,5400.0,0 days 01:44:20,1.0,Residence,5286.25
7,2550,2025,1540,790,1,0 days 02:06:10,7,6905,6905.0,0 days 02:06:10,1.0,Residence,5286.25
8,3265,2590,1970,1015,1,0 days 02:31:20,9,8840,4420.0,0 days 01:15:40,2.0,Residence,5286.25
14,2710,3965,2225,1740,2,0 days 06:53:30,13,10640,5320.0,0 days 03:26:45,2.0,Rally Point,5320.0
2,1000,540,845,690,3,0 days 04:22:40,4,3075,,,0.0,Horse Drinking Pool,5326.428571428572
3,1280,690,1080,885,3,0 days 05:54:40,5,3935,3935.0,0 days 05:54:40,1.0,Horse Drinking Pool,5326.428571428572
4,1635,880,1385,1130,3,0 days 07:41:30,6,5030,5030.0,0 days 07:41:30,1.0,Horse Drinking Pool,5326.428571428572
5,2095,1125,1770,1450,3,0 days 09:45:20,7,6440,6440.0,0 days 09:45:20,1.0,Horse Drinking Pool,5326.428571428572
6,2680,1445,2270,1855,3,0 days 12:09:00,9,8250,4125.0,0 days 06:04:30,2.0,Horse Drinking Pool,5326.428571428572
7,3430,1845,2905,2375,3,0 days 14:55:30,11,10555,5277.5,0 days 07:27:45,2.0,Horse Drinking Pool,5326.428571428572
18,21270,18610,27915,23925,4,0 days 16:21:45,106,91720,5395.294117647059,0 days 00:57:45,17.0,Hospital,5362.051282051282
19,27225,23820,35730,30625,4,0 days 19:03:50,128,117400,5336.363636363636,0 days 00:51:59,22.0,Hospital,5362.051282051282
13,10640,15478,14505,4835,2,0 days 10:49:00,53,45458,5682.25,0 days 01:21:07,8.0,Palace,5430.1578947368425
14,13150,19805,18570,6190,2,0 days 12:37:40,64,57715,5246.818181818182,0 days 01:08:52,11.0,Palace,5430.1578947368425
15,2220,2850,5390,2220,1,0 days 08:04:40,15,12680,6340.0,0 days 04:02:20,2.0,Wall,5446.785714285715
16,2840,3650,6895,2840,2,0 days 09:27:10,18,16225,5408.333333333333,0 days 03:09:03,3.0,Wall,5446.785714285715
17,3635,4675,8825,3635,2,0 days 11:02:50,22,20770,5192.5,0 days 02:45:42,4.0,Wall,5446.785714285715
18,4650,5980,11300,4650,2,0 days 12:54:00,27,26580,5316.0,0 days 02:34:48,5.0,Wall,5446.785714285715
12,2720,3780,7555,2420,3,1 days 00:56:10,18,16475,5491.666666666667,0 days 08:18:43,3.0,Smithy,5491.666666666667
15,4120,5070,2850,1270,2,0 days 08:04:40,15,13310,6655.0,0 days 04:02:20,2.0,Warehouse,5719.642857142857
16,5275,6490,3650,1625,2,0 days 09:27:10,18,17040,5680.0,0 days 03:09:03,3.0,Warehouse,5719.642857142857
17,6750,8310,4675,2075,2,0 days 11:02:50,22,21810,5452.5,0 days 02:45:42,4.0,Warehouse,5719.642857142857
18,8640,10635,5980,2660,2,0 days 12:54:00,27,27915,5583.0,0 days 02:34:48,5.0,Warehouse,5719.642857142857
15,17430,25355,23770,7925,2,0 days 14:44:00,77,74480,5729.2307692307695,0 days 01:08:00,13.0,Palace,5729.2307692307695
4,2620,2330,2640,1260,2,0 days 04:06:20,10,8850,8850.0,0 days 04:06:20,1.0,Townhall,5779.666666666667
5,3355,2980,3380,1610,2,0 days 04:49:20,12,11325,5662.5,0 days 02:24:40,2.0,Townhall,5779.666666666667
6,4295,3815,4330,2063,3,0 days 05:39:20,15,14503,4834.333333333333,0 days 01:53:06,3.0,Townhall,5779.666666666667
2,3630,3450,3250,1245,2,0 days 01:54:50,9,11575,5787.5,0 days 00:57:25,2.0,Treasury,5787.5
15,3485,5070,2850,2220,2,0 days 08:04:40,15,13625,6812.5,0 days 04:02:20,2.0,Rally Point,5853.928571428572
16,4460,6490,3650,2840,2,0 days 09:27:10,18,17440,5813.333333333333,0 days 03:09:03,3.0,Rally Point,5853.928571428572
17,5710,8310,4675,3635,2,0 days 11:02:50,22,22330,5582.5,0 days 02:45:42,4.0,Rally Point,5853.928571428572
18,7270,10645,5970,4675,2,0 days 12:54:00,27,28560,5712.0,0 days 02:34:48,5.0,Rally Point,5853.928571428572
1,1750,2250,1530,240,1,0 days 00:58:20,1,5770,5770.0,0 days 00:58:20,1.0,Tournament Square,5770.0
4,185,465,235,280,1,0 days 00:35:00,2,1165,,,0.0,Woodcutter,5892.5
5,310,780,390,465,1,0 days 00:59:20,2,1945,,,0.0,Woodcutter,5892.5
6,520,1300,650,780,2,0 days 01:38:10,3,3250,3250.0,0 days 01:38:10,1.0,Woodcutter,5892.5
7,870,2170,1085,1300,2,0 days 02:40:20,4,5425,5425.0,0 days 02:40:20,1.0,Woodcutter,5892.5
4,375,185,375,235,1,0 days 00:32:10,2,1170,,,0.0,Clay Pit,5892.5
5,620,310,620,390,1,0 days 00:54:50,2,1940,,,0.0,Clay Pit,5892.5
6,1040,520,1040,650,2,0 days 01:31:10,3,3250,3250.0,0 days 01:31:10,1.0,Clay Pit,5892.5
7,1735,870,1735,1085,2,0 days 02:29:10,4,5425,5425.0,0 days 02:29:10,1.0,Clay Pit,5892.5
4,325,420,325,95,0,0 days 00:27:30,2,1165,,,0.0,Cropland,5892.5
5,545,700,545,155,0,0 days 00:47:10,2,1945,,,0.0,Cropland,5892.5
6,910,1170,910,260,1,0 days 01:18:50,3,3250,3250.0,0 days 01:18:50,1.0,Cropland,5892.5
7,1520,1950,1520,435,1,0 days 02:03:40,4,5425,5425.0,0 days 02:03:40,1.0,Cropland,5892.5
14,3840,3220,3095,1735,2,0 days 08:55:40,13,11890,5945.0,0 days 04:27:50,2.0,Stonemason's Lodge,5945.0
13,3480,4835,9670,3095,3,1 days 05:20:40,21,21080,7026.666666666667,0 days 09:46:53,3.0,Smithy,6008.125
14,4455,6190,12380,3960,3,1 days 10:27:20,26,26985,5397.0,0 days 06:53:28,5.0,Smithy,6008.125
20,34845,30490,45735,39200,4,0 days 22:11:51,153,150270,6010.8,0 days 00:53:16,25.0,Hospital,6010.8
2,830,1025,575,255,1,0 days 02:59:00,1,2685,,,0.0,Great Warehuose,6125.0
3,1065,1310,735,330,1,0 days 03:32:40,2,3440,3440.0,0 days 03:32:40,1.0,Great Warehuose,6125.0
19,6805,10210,5955,7655,4,0 days 08:02:10,32,30625,6125.0,0 days 01:36:26,5.0,Trapper,6125.0
7,5500,4880,5540,2640,3,0 days 06:37:10,18,18560,6186.666666666667,0 days 02:12:23,3.0,Townhall,6186.666666666667
16,22310,32450,30425,10140,2,0 days 17:10:30,92,95325,6355.0,0 days 01:08:42,15.0,Palace,6355.0
11,5430,6020,7085,3780,3,0 days 05:04:00,22,22315,7438.333333333333,0 days 01:41:20,3.0,Workshop,6358.75
12,6950,7705,9065,4835,3,0 days 05:57:20,27,28555,5711.0,0 days 01:11:28,5.0,Workshop,6358.75
4,465,375,140,280,2,0 days 00:48:00,2,1260,,,0.0,Iron Mine,6362.5
5,780,620,235,465,2,0 days 01:20:00,2,2100,,,0.0,Iron Mine,6362.5
6,1300,1040,390,780,2,0 days 02:11:00,3,3510,3510.0,0 days 02:11:00,1.0,Iron Mine,6362.5
7,2170,1735,650,1300,2,0 days 03:33:30,4,5855,5855.0,0 days 03:33:30,1.0,Iron Mine,6362.5
17,28560,41540,38940,12980,2,0 days 20:00:20,111,122020,6422.105263157895,0 days 01:03:10,19.0,Palace,6422.105263157895
20,8710,13065,7620,9800,4,0 days 09:19:10,38,39195,6532.5,0 days 01:33:11,6.0,Trapper,6532.5
15,4910,4120,3960,2220,2,0 days 10:30:00,15,15210,7605.0,0 days 05:15:00,2.0,Stonemason's Lodge,6536.428571428572
16,6290,5275,5070,2840,3,0 days 12:19:30,18,19475,6491.666666666667,0 days 04:06:30,3.0,Stonemason's Lodge,6536.428571428572
17,8050,6750,6490,3635,3,0 days 14:26:30,22,24925,6231.25,0 days 03:36:37,4.0,Stonemason's Lodge,6536.428571428572
18,10300,8640,8310,4650,3,0 days 16:53:50,27,31900,6380.0,0 days 03:22:46,5.0,Stonemason's Lodge,6536.428571428572
8,4390,2365,3715,3040,3,0 days 18:08:50,13,13510,6755.0,0 days 09:04:25,2.0,Horse Drinking Pool,6616.875
9,5620,3025,4755,3890,3,0 days 21:53:00,15,17290,8645.0,0 days 10:56:30,2.0,Horse Drinking Pool,6616.875
10,7195,3875,6085,4980,3,1 days 02:13:10,19,22135,5533.75,0 days 06:33:17,4.0,Horse Drinking Pool,6616.875
8,7035,6250,7095,3380,3,0 days 07:44:20,21,23760,7920.0,0 days 02:34:46,3.0,Townhall,6771.25
9,9005,8000,9080,4325,3,0 days 09:02:10,26,30410,6082.0,0 days 01:48:26,5.0,Townhall,6771.25
19,5955,7655,14460,5955,2,0 days 15:02:50,32,34025,6805.0,0 days 03:00:34,5.0,Wall,6805.0
15,5705,7925,15845,5070,3,1 days 16:23:00,31,34545,6909.0,0 days 08:04:36,5.0,Smithy,6909.0
3,1280,690,1080,490,3,0 days 01:00:10,3,3540,,,0.0,Great Stable,6932.5
4,1635,880,1385,630,3,0 days 01:14:50,4,4530,4530.0,0 days 01:14:50,1.0,Great Stable,6932.5
5,2095,1125,1770,805,3,0 days 01:31:40,5,5795,5795.0,0 days 01:31:40,1.0,Great Stable,6932.5
13,8900,9865,11605,6190,3,0 days 06:59:10,32,36560,7312.0,0 days 01:23:50,5.0,Workshop,6946.25
14,11390,12625,14855,7925,3,0 days 08:10:50,39,46795,6685.0,0 days 01:10:07,7.0,Workshop,6946.25
18,36555,53170,49845,16615,2,0 days 23:17:20,133,156185,7099.318181818182,0 days 01:03:30,22.0,Palace,7099.318181818182
8,1180,790,1463,675,3,0 days 02:20:30,4,4108,,,0.0,Barracks,7125.428571428572
9,1515,1010,1875,865,3,0 days 02:47:40,5,5265,5265.0,0 days 02:47:40,1.0,Barracks,7125.428571428572
10,1935,1290,2400,1105,3,0 days 03:19:10,6,6730,6730.0,0 days 03:19:10,1.0,Barracks,7125.428571428572
11,2480,1655,3070,1415,3,0 days 03:55:40,7,8620,8620.0,0 days 03:55:40,1.0,Barracks,7125.428571428572
12,3175,2115,3930,1815,3,0 days 04:38:00,9,11035,5517.5,0 days 02:19:00,2.0,Barracks,7125.428571428572
13,4060,2710,5030,2320,3,0 days 05:27:10,11,14120,7060.0,0 days 02:43:35,2.0,Barracks,7125.428571428572
19,11060,13610,7655,3405,2,0 days 15:02:50,32,35730,7146.0,0 days 03:00:34,5.0,Warehouse,7146.0
2,930,890,930,320,1,0 days 00:41:20,1,3070,,,0.0,Hero's Mansion,7160.0
3,1240,1185,1240,425,1,0 days 00:48:00,2,4090,4090.0,0 days 00:48:00,1.0,Hero's Mansion,7160.0
20,7620,9800,18510,7620,2,0 days 17:32:10,38,43550,7258.333333333333,0 days 02:55:21,6.0,Wall,7258.333333333333
6,2680,1445,2270,1030,3,0 days 01:51:20,6,7425,7425.0,0 days 01:51:20,1.0,Great Stable,7271.25
7,3430,1845,2905,1320,3,0 days 02:14:10,7,9500,9500.0,0 days 02:14:10,1.0,Great Stable,7271.25
8,4390,2365,3715,1690,3,0 days 02:40:40,9,12160,6080.0,0 days 01:20:20,2.0,Great Stable,7271.25
19,9305,13625,7645,5980,2,0 days 15:02:50,32,36555,7311.0,0 days 03:00:34,5.0,Rally Point,7311.0
16,7300,10140,20280,6490,4,1 days 23:15:40,37,44210,7368.333333333333,0 days 07:52:36,6.0,Smithy,7368.333333333333
9,4180,3315,2520,1295,1,0 days 03:00:30,10,11310,11310.0,0 days 03:00:30,1.0,Residence,7387.5
10,5350,4245,3230,1660,1,0 days 03:34:20,12,14485,7242.5,0 days 01:47:10,2.0,Residence,7387.5
11,6845,5430,4130,2125,2,0 days 04:13:40,15,18530,6176.666666666667,0 days 01:24:33,3.0,Residence,7387.5
19,46790,68055,63805,21270,2,1 days 03:05:50,160,199920,7404.444444444444,0 days 01:00:12,27.0,Palace,7404.444444444444
2,2045,1300,1750,2435,3,0 days 02:44:40,6,7530,7530.0,0 days 02:44:40,1.0,Brewery,7530.0
20,14155,17420,9800,4355,2,0 days 17:32:10,38,45730,7621.666666666667,0 days 02:55:21,6.0,Warehouse,7621.666666666667
10,11530,10240,11620,5535,3,0 days 10:32:30,31,38925,7785.0,0 days 02:06:30,5.0,Townhall,7785.0
20,11910,17440,9785,7655,2,0 days 17:32:10,38,46790,7798.333333333333,0 days 02:55:21,6.0,Rally Point,7798.333333333333
12,8765,6950,5290,2720,2,0 days 04:59:10,18,23725,7908.333333333333,0 days 01:39:43,3.0,Residence,7908.333333333333
20,59890,87110,81670,27225,2,1 days 07:31:00,192,255895,7996.71875,0 days 00:59:05,32.0,Palace,7996.71875
17,9345,12980,25960,8310,4,2 days 07:14:30,44,56595,8085.0,0 days 07:53:30,7.0,Smithy,8065.0
18,11965,16615,33230,10635,4,2 days 16:29:50,53,72445,8049.444444444444,0 days 07:09:58,9.0,Smithy,8065.0
11,9210,4960,7790,6375,4,1 days 07:14:50,22,28335,9445.0,0 days 10:24:56,3.0,Horse Drinking Pool,8075.0
12,11785,6345,9975,8160,4,1 days 13:04:50,27,36265,7253.0,0 days 07:24:58,5.0,Horse Drinking Pool,8075.0
11,14755,13105,14875,7085,3,0 days 12:17:20,37,49820,8303.333333333334,0 days 02:02:53,6.0,Townhall,8113.571428571428
12,18890,16775,19040,9065,3,0 days 14:19:00,45,63770,7971.25,0 days 01:47:22,8.0,Townhall,8113.571428571428
19,13185,11060,10635,5955,3,0 days 19:44:40,32,40835,8167.0,0 days 03:56:56,5.0,Stonemason's Lodge,8167.0
15,14580,16165,19015,10140,3,0 days 09:34:00,46,59900,8557.142857142857,0 days 01:22:00,7.0,Workshop,8382.32142857143
16,18660,20690,24340,12980,3,0 days 11:10:30,55,76670,8518.888888888889,0 days 01:14:30,9.0,Workshop,8382.32142857143
17,23885,26480,31155,16615,3,0 days 13:02:30,67,98135,8177.916666666667,0 days 01:05:12,12.0,Workshop,8382.32142857143
19,15315,21270,42535,13610,4,3 days 03:14:00,64,92730,8430.0,0 days 06:50:21,11.0,Smithy,8430.0
4,840,1050,735,210,1,0 days 03:19:40,2,2835,,,0.0,Great Granary,8522.5
5,1075,1340,940,270,1,0 days 03:56:30,2,3625,,,0.0,Great Granary,8522.5
6,1375,1720,1205,345,1,0 days 04:39:30,3,4645,4645.0,0 days 04:39:30,1.0,Great Granary,8522.5
7,1760,2200,1540,440,1,0 days 05:29:10,4,5940,5940.0,0 days 05:29:10,1.0,Great Granary,8522.5
13,11220,8900,6770,3480,2,0 days 05:52:10,21,30370,10123.333333333334,0 days 01:57:23,3.0,Residence,8655.0
14,14360,11390,8665,4455,2,0 days 06:53:30,26,38870,7774.0,0 days 01:22:42,5.0,Residence,8655.0
20,16880,14155,13610,7620,3,0 days 23:02:50,38,52265,8710.833333333334,0 days 03:50:28,6.0,Stonemason's Lodge,8710.833333333334
13,15085,8125,12765,10445,4,1 days 19:50:50,32,46420,9284.0,0 days 08:46:10,5.0,Horse Drinking Pool,8820.0
14,19310,10400,16340,13370,4,2 days 03:41:40,39,59420,8488.57142857143,0 days 07:23:05,7.0,Horse Drinking Pool,8820.0
14,5200,3465,6435,2970,3,0 days 06:24:10,13,18070,9035.0,0 days 03:12:05,2.0,Barracks,9035.0
20,19600,27225,54445,17420,4,3 days 15:41:10,77,118690,9130.0,0 days 06:44:42,13.0,Smithy,9130.0
3,4570,4350,4095,1570,2,0 days 02:16:50,10,14585,14585.0,0 days 02:16:50,1.0,Treasury,9355.0
4,5760,5480,5160,1980,2,0 days 02:42:10,12,18380,9190.0,0 days 01:21:05,2.0,Treasury,9355.0
5,7260,6905,6505,2495,2,0 days 03:11:50,15,23165,7721.666666666667,0 days 01:03:56,3.0,Treasury,9355.0
2,1790,1700,1535,510,2,0 days 00:58:30,4,5535,,,0.0,Trade Office,9608.57142857143
3,2295,2180,1965,655,2,0 days 01:12:30,5,7095,7095.0,0 days 01:12:30,1.0,Trade Office,9608.57142857143
4,2935,2790,2515,840,2,0 days 01:28:50,6,9080,9080.0,0 days 01:28:50,1.0,Trade Office,9608.57142857143
5,3760,3570,3220,1075,2,0 days 01:47:40,7,11625,11625.0,0 days 01:47:40,1.0,Trade Office,9608.57142857143
6,4810,4570,4125,1375,2,0 days 02:09:30,9,14880,7440.0,0 days 01:04:45,2.0,Trade Office,9608.57142857143
7,6155,5850,5280,1760,2,0 days 02:35:00,11,19045,9522.5,0 days 01:17:30,2.0,Trade Office,9608.57142857143
18,30570,33895,39875,21270,3,0 days 15:12:20,80,125610,9662.307692307691,0 days 01:10:10,13.0,Workshop,9662.307692307691
6,9145,8700,8195,3145,3,0 days 03:46:00,18,29185,9728.333333333334,0 days 01:15:20,3.0,Treasury,9728.333333333334
15,6655,4435,8240,3805,3,0 days 07:30:20,15,23135,11567.5,0 days 03:45:10,2.0,Barracks,9940.714285714286
16,8520,5680,10545,4870,4,0 days 08:47:00,18,29615,9871.666666666666,0 days 02:55:40,3.0,Barracks,9940.714285714286
17,10905,7270,13500,6230,4,0 days 10:16:00,22,37905,9476.25,0 days 02:34:00,4.0,Barracks,9940.714285714286
18,13955,9305,17280,7975,4,0 days 11:59:10,27,48515,9703.0,0 days 02:23:50,5.0,Barracks,9940.714285714286
15,18380,14580,11090,5705,2,0 days 08:04:40,31,49755,9951.0,0 days 01:36:56,5.0,Residence,9951.0
13,24180,21470,27370,11605,3,0 days 16:40:00,53,84625,10578.125,0 days 02:05:00,8.0,Townhall,9952.894736842105
14,30950,27480,31195,14855,3,0 days 19:23:40,64,104480,9498.181818181818,0 days 01:45:47,11.0,Townhall,9952.894736842105
19,39130,43385,51040,27225,3,0 days 17:43:00,96,160780,10048.75,0 days 01:06:26,16.0,Workshop,10048.75
9,5620,3025,4755,2160,3,0 days 03:11:20,10,15560,15560.0,0 days 03:11:20,1.0,Great Stable,10163.333333333334
10,7195,3875,6085,2765,3,0 days 03:47:00,12,19920,9960.0,0 days 01:53:30,2.0,Great Stable,10163.333333333334
11,9210,4960,7790,3540,4,0 days 04:28:20,15,25500,8500.0,0 days 01:29:26,3.0,Great Stable,10163.333333333334
15,39615,35175,39930,19015,3,0 days 22:33:20,77,133735,10287.307692307691,0 days 01:44:06,13.0,Townhall,10287.307692307691
7,11525,10965,10325,3960,3,0 days 04:25:50,21,36775,12258.333333333334,0 days 01:28:36,3.0,Treasury,10388.75
8,14520,13815,13010,4990,3,0 days 05:12:00,26,46335,9267.0,0 days 01:02:24,5.0,Treasury,10388.75
3,2860,1825,2450,3410,3,0 days 03:21:00,7,10545,10545.0,0 days 03:21:00,1.0,Brewery,10545.0
16,23530,18660,14200,7300,2,0 days 09:27:10,37,63690,10615.0,0 days 01:34:31,6.0,Residence,10615.0
15,24720,13310,20915,17115,4,2 days 12:48:00,46,76060,10865.714285714286,0 days 08:41:08,7.0,Horse Drinking Pool,10644.107142857143
16,31640,17035,26775,21905,4,2 days 23:21:40,55,97355,10817.222222222223,0 days 07:55:44,9.0,Horse Drinking Pool,10644.107142857143
17,40500,21810,34270,28040,4,3 days 11:36:40,67,124620,10385.0,0 days 06:58:03,12.0,Horse Drinking Pool,10644.107142857143
20,50090,55535,65335,34845,3,0 days 20:37:40,115,205805,10831.842105263158,0 days 01:05:08,19.0,Workshop,10831.842105263158
12,11785,6345,9975,4535,4,0 days 05:16:20,18,32640,10880.0,0 days 01:45:26,3.0,Great Stable,10880.0
16,50705,45025,51110,24340,4,1 days 02:13:30,92,171180,11412.0,0 days 01:44:54,15.0,Townhall,11412.0
17,64905,57635,65425,31155,4,1 days 06:28:50,111,219120,11532.631578947368,0 days 01:36:15,19.0,Townhall,11532.631578947368
19,17865,11910,22120,10210,4,0 days 13:59:00,32,62105,12421.0,0 days 02:47:48,5.0,Barracks,11551.923076923076
20,22865,15245,28310,13065,4,0 days 16:17:50,38,79485,13247.5,0 days 02:42:58,6.0,Barracks,11551.923076923076
1,630,420,780,360,4,0 days 00:33:20,1,2190,2190.0,0 days 00:33:20,1.0,Great Barracks,11551.923076923076
2,805,540,1000,460,2,0 days 00:43:40,1,2805,,,0.0,Great Barracks,11551.923076923076
3,1030,690,1280,590,2,0 days 00:55:40,2,3590,3590.0,0 days 00:55:40,1.0,Great Barracks,11551.923076923076
17,30115,23885,18175,9345,2,0 days 11:02:50,44,81520,11645.714285714286,0 days 01:34:41,7.0,Residence,11616.5625
18,38550,30570,23260,11965,2,0 days 12:54:00,53,104345,11593.888888888889,0 days 01:26:00,9.0,Residence,11616.5625
9,18295,17405,16390,6290,3,0 days 06:05:30,31,58380,11676.0,0 days 01:13:06,5.0,Treasury,11676.0
4,4005,2550,3430,4775,3,0 days 04:03:10,8,14760,14760.0,0 days 04:03:10,1.0,Brewery,11810.0
5,5610,3575,4800,6685,3,0 days 04:52:10,10,20670,10335.0,0 days 02:26:05,2.0,Brewery,11810.0
10,23055,21930,20650,7925,3,0 days 07:07:30,37,73560,12260.0,0 days 01:11:15,6.0,Treasury,11874.642857142857
11,29045,27635,26020,9985,3,0 days 08:19:30,45,92685,11585.625,0 days 01:02:26,8.0,Treasury,11874.642857142857
13,15085,8125,12765,5805,4,0 days 06:11:50,21,41780,13926.666666666666,0 days 02:03:56,3.0,Great Stable,11907.5
14,19310,10400,16340,7430,4,0 days 07:16:20,26,53480,10696.0,0 days 01:27:16,5.0,Great Stable,11907.5
8,7780,7485,6755,2250,2,0 days 03:04:20,13,24270,12135.0,0 days 01:32:10,2.0,Trade Office,11960.0
9,10090,9585,8645,2880,2,0 days 03:38:30,15,31200,15600.0,0 days 01:49:15,2.0,Trade Office,11960.0
10,12915,12265,11070,3960,2,0 days 04:18:10,19,40210,10052.5,0 days 01:04:32,4.0,Trade Office,11960.0
19,49340,39130,29775,15315,2,0 days 15:02:50,64,133560,12141.818181818182,0 days 01:22:04,11.0,Residence,12141.818181818182
18,51840,27915,43865,35890,4,4 days 01:49:20,80,159510,12270.0,0 days 07:31:29,13.0,Horse Drinking Pool,12270.0
18,83075,73770,83740,39875,4,1 days 11:25:00,133,280460,12748.181818181818,0 days 01:36:35,22.0,Townhall,12748.181818181818
19,66355,35730,56145,45940,4,4 days 18:18:30,96,204170,12760.625,0 days 07:08:39,16.0,Horse Drinking Pool,12760.625
8,2250,2815,1970,565,1,0 days 06:26:50,4,7600,,,0.0,Great Granary,12804.0
9,2880,3605,2520,720,1,0 days 07:33:40,5,9725,9725.0,0 days 07:33:40,1.0,Great Granary,12804.0
10,3690,2520,3230,920,1,0 days 08:51:20,6,10360,10360.0,0 days 08:51:20,1.0,Great Granary,12804.0
11,4720,5905,4130,1180,2,0 days 10:21:20,7,15935,15935.0,0 days 10:21:20,1.0,Great Granary,12804.0
12,6045,7555,5290,1510,2,0 days 12:05:40,9,20400,10200.0,0 days 06:02:50,2.0,Great Granary,12804.0
13,7735,9670,6770,1935,2,0 days 14:06:50,11,26110,13055.0,0 days 07:03:25,2.0,Great Granary,13055.0
20,63155,50090,38110,19600,2,0 days 17:32:10,77,170955,13150.384615384615,0 days 01:20:56,13.0,Residence,13150.384615384615
4,1365,1680,945,420,1,0 days 04:11:40,2,4410,,,0.0,Great Warehuose,13250.0
5,1745,2145,1210,535,1,0 days 04:57:00,2,5635,,,0.0,Great Warehuose,13250.0
6,2235,2750,1545,685,1,0 days 05:49:30,3,7215,7215.0,0 days 05:49:30,1.0,Great Warehuose,13250.0
7,2860,3520,1980,880,1,0 days 06:50:20,4,9240,9240.0,0 days 06:50:20,1.0,Great Warehuose,13250.0
19,106340,94430,107190,51040,4,1 days 17:08:40,160,359000,13296.296296296296,0 days 01:31:25,27.0,Townhall,13296.296296296296
15,24720,13310,20915,9505,4,0 days 08:31:10,31,68450,13690.0,0 days 01:42:14,5.0,Great Stable,13690.0
20,84935,45735,71870,58800,4,5 days 13:25:50,115,261340,13754.736842105263,0 days 07:01:21,19.0,Horse Drinking Pool,13754.736842105263
12,36600,34820,32785,12580,3,0 days 09:43:00,53,116785,14598.125,0 days 01:12:52,8.0,Treasury,13891.315789473685
13,46115,43875,41310,15850,3,0 days 11:20:00,64,147150,13377.272727272728,0 days 01:01:49,11.0,Treasury,13891.315789473685
14,58105,55280,52050,19975,3,0 days 13:12:20,77,185410,14262.307692307691,0 days 01:00:56,13.0,Treasury,14262.307692307691
8,1450,3625,1810,2175,2,0 days 04:19:50,4,9060,,,0.0,Woodcutter,14291.25
9,2420,6050,3025,3630,2,0 days 06:59:10,5,15125,15125.0,0 days 06:59:10,1.0,Woodcutter,14291.25
10,4040,10105,5050,6060,2,0 days 11:14:00,6,25255,25255.0,0 days 11:14:00,1.0,Woodcutter,14291.25
1,520,380,290,90,4,0 days 00:50:00,1,1280,1280.0,0 days 00:50:00,1.0,Sawmill,14291.25
2,935,685,520,160,2,0 days 01:35:00,1,2300,,,0.0,Sawmill,14291.25
3,1685,1230,940,290,2,0 days 02:42:30,2,4145,4145.0,0 days 02:42:30,1.0,Sawmill,14291.25
8,2900,1450,2900,1810,2,0 days 04:02:00,4,9060,,,0.0,Clay Pit,14305.0
9,4840,2420,4840,3025,2,0 days 06:30:30,5,15125,15125.0,0 days 06:30:30,1.0,Clay Pit,14305.0
10,8080,4040,8080,5050,2,0 days 10:28:10,6,25250,25250.0,0 days 10:28:10,1.0,Clay Pit,14305.0
1,440,480,320,50,3,0 days 00:37:20,1,1290,1290.0,0 days 00:37:20,1.0,Brickyard,14305.0
2,790,865,575,90,2,0 days 01:16:00,1,2320,,,0.0,Brickyard,14305.0
3,1425,1555,1035,160,2,0 days 02:14:00,2,4175,4175.0,0 days 02:14:00,1.0,Brickyard,14305.0
20,136115,120870,137200,65335,4,1 days 23:47:10,192,459520,14360.0,0 days 01:29:35,32.0,Townhall,14360.0
6,7850,5000,6725,9360,4,0 days 05:48:50,12,28935,14467.5,0 days 02:54:25,2.0,Brewery,14467.5
11,16530,15700,14165,4720,3,0 days 05:04:00,22,51115,17038.333333333332,0 days 01:41:20,3.0,Trade Office,14568.75
12,21155,20100,18135,6045,3,0 days 05:57:20,27,65435,13087.0,0 days 01:11:28,5.0,Trade Office,14568.75
16,31640,17035,26775,12170,4,0 days 09:58:00,37,87620,14603.333333333334,0 days 01:39:40,6.0,Great Stable,14603.333333333334
8,3625,2900,1085,2175,2,0 days 05:44:50,4,9785,,,0.0,Iron Mine,15282.5
9,6050,4840,1815,3630,2,0 days 09:15:10,5,16335,16335.0,0 days 09:15:10,1.0,Iron Mine,15282.5
10,10105,8080,3030,6060,2,0 days 14:51:40,6,27275,27275.0,0 days 14:51:40,1.0,Iron Mine,15282.5
1,200,450,510,120,6,0 days 01:08:00,1,1280,1280.0,0 days 01:08:00,1.0,Iron Foundry,15282.5
2,360,810,920,215,3,0 days 02:02:00,1,2305,,,0.0,Iron Foundry,15282.5
3,650,1460,1650,390,3,0 days 03:23:00,2,4150,4150.0,0 days 03:23:00,1.0,Iron Foundry,15282.5
15,73210,69655,65585,25165,3,0 days 15:22:40,92,233615,15574.333333333334,0 days 01:01:30,15.0,Treasury,15528.529411764706
16,92245,87760,82640,31710,4,0 days 17:53:50,111,294355,15492.368421052632,0 days 00:56:31,19.0,Treasury,15528.529411764706
17,40500,21810,34270,15575,4,0 days 11:38:40,44,112155,16022.142857142857,0 days 01:39:48,7.0,Great Stable,15982.1875
18,51840,27915,43865,19940,4,0 days 13:35:30,53,143560,15951.111111111111,0 days 01:30:36,9.0,Great Stable,15982.1875
13,27080,25725,23210,9905,3,0 days 06:59:10,32,85920,17184.0,0 days 01:23:50,5.0,Trade Office,16093.75
14,34660,32930,29710,9905,3,0 days 08:10:50,39,107205,15315.0,0 days 01:10:07,7.0,Trade Office,16093.75
8,2535,3260,2535,725,1,0 days 03:30:40,4,9055,,,0.0,Cropland,16223.75
9,4235,5445,4235,1210,1,0 days 05:40:30,5,15125,15125.0,0 days 05:40:30,1.0,Cropland,16223.75
10,7070,9095,7070,2020,1,0 days 09:08:00,6,25255,25255.0,0 days 09:08:00,1.0,Cropland,16223.75
1,500,440,380,1240,3,0 days 00:30:40,1,2560,2560.0,0 days 00:30:40,1.0,Grain Mill,16223.75
2,900,790,685,2230,2,0 days 01:06:00,1,4605,,,0.0,Grain Mill,16223.75
3,1620,1425,1230,4020,2,0 days 01:59:00,2,8295,8295.0,0 days 01:59:00,1.0,Grain Mill,16223.75
19,66355,35730,56145,25520,4,0 days 15:51:00,64,183750,16704.545454545456,0 days 01:26:27,11.0,Great Stable,16704.545454545456
14,9905,12380,8665,2475,2,0 days 16:27:20,13,33425,16712.5,0 days 08:13:40,2.0,Great Granary,16712.5
2,2240,2880,1960,305,1,0 days 01:12:40,1,7385,,,0.0,Tournament Square,16835.0
3,2865,3685,2505,395,1,0 days 01:29:20,2,9450,9450.0,0 days 01:29:20,1.0,Tournament Square,16835.0
17,116230,110580,104125,39955,4,0 days 20:49:20,133,370890,16858.636363636364,0 days 00:56:47,22.0,Treasury,16858.636363636364
18,146450,139330,131195,50340,4,1 days 00:12:50,160,467315,17307.962962962964,0 days 00:53:48,27.0,Treasury,17307.962962962964
4,1645,1575,1645,565,1,0 days 00:55:40,2,5430,,,0.0,Hero's Mansion,17532.5
5,2190,2095,2190,750,1,0 days 01:04:30,2,7225,,,0.0,Hero's Mansion,17532.5
6,2915,2790,2915,1000,2,0 days 01:14:50,3,9620,9620.0,0 days 01:14:50,1.0,Hero's Mansion,17532.5
7,3875,3710,3875,1330,2,0 days 01:26:50,4,12790,12790.0,0 days 01:26:50,1.0,Hero's Mansion,17532.5
4,1320,880,1635,755,2,0 days 01:09:30,2,4590,,,0.0,Great Barracks,17990.0
5,1690,1125,2095,965,2,0 days 01:25:40,2,5875,,,0.0,Great Barracks,17990.0
6,2165,1445,2680,1235,3,0 days 01:44:20,3,7525,7525.0,0 days 01:44:20,1.0,Great Barracks,17990.0
20,84935,45735,71870,32665,4,0 days 18:28:10,77,235205,18092.69230769231,0 days 01:25:14,13.0,Great Stable,18092.69230769231
15,12675,15845,11090,3170,2,0 days 19:10:10,15,42780,21390.0,0 days 09:35:05,2.0,Great Granary,18382.5
16,16225,20280,14200,4055,2,0 days 22:19:20,18,54760,18253.333333333332,0 days 07:26:26,3.0,Great Granary,18382.5
17,20770,25960,18175,5190,2,1 days 01:58:30,22,70095,17523.75,0 days 06:29:37,4.0,Great Granary,18382.5
18,26585,33230,23260,6645,2,1 days 06:13:00,27,89720,17944.0,0 days 06:02:36,5.0,Great Granary,18382.5
19,184530,175560,165305,63430,4,1 days 04:08:50,192,588825,18400.78125,0 days 00:52:46,32.0,Treasury,18400.78125
7,2770,1845,3430,1585,3,0 days 02:06:10,3,9630,,,0.0,Great Barracks,18867.5
8,3545,2365,4390,2025,3,0 days 02:31:20,3,12325,,,0.0,Great Barracks,18867.5
9,4540,3025,5620,2595,3,0 days 03:00:30,5,15780,7890.0,0 days 01:30:15,2.0,Great Barracks,18867.5
15,44370,42150,38030,12675,3,0 days 09:34:00,46,137225,19603.571428571428,0 days 01:22:00,7.0,Trade Office,19203.571428571428
16,56790,53950,48680,16225,4,0 days 11:10:30,55,175645,19516.11111111111,0 days 01:14:30,9.0,Trade Office,19203.571428571428
17,72690,69060,62310,20770,4,0 days 13:02:30,67,224830,18735.833333333332,0 days 01:05:12,12.0,Trade Office,19203.571428571428
7,10995,7000,9410,13100,4,0 days 06:54:40,14,40505,20252.5,0 days 03:27:20,2.0,Brewery,19443.0
8,15390,9805,13175,18340,4,0 days 08:11:00,17,56710,18903.333333333332,0 days 02:43:40,3.0,Brewery,19443.0
20,232505,221205,208285,79925,4,1 days 08:42:40,230,741920,19524.21052631579,0 days 00:51:38,38.0,Treasury,19524.21052631579
10,5810,3875,7195,3320,3,0 days 03:34:20,6,20200,20200.0,0 days 03:34:20,1.0,Great Barracks,19787.5
11,7440,4960,9210,4250,3,0 days 04:13:40,7,25860,25860.0,0 days 04:13:40,1.0,Great Barracks,19787.5
12,9520,6345,11785,5440,3,0 days 04:59:10,9,33090,16545.0,0 days 02:29:35,2.0,Great Barracks,19787.5
9,21545,13725,18445,25680,4,0 days 09:39:30,21,79395,19848.75,0 days 02:24:52,4.0,Brewery,19848.75
8,3660,4505,2535,1125,1,0 days 08:01:00,4,11825,,,0.0,Great Warehuose,20497.85714285714
9,4685,5765,3245,1440,1,0 days 09:23:00,5,15135,15135.0,0 days 09:23:00,1.0,Great Warehuose,20497.85714285714
10,5995,7380,4150,1845,1,0 days 10:58:00,6,19370,19370.0,0 days 10:58:00,1.0,Great Warehuose,20497.85714285714
11,7675,9445,5315,2360,2,0 days 12:48:20,7,24795,24795.0,0 days 12:48:20,1.0,Great Warehuose,20497.85714285714
12,9825,12090,6800,3020,2,0 days 14:56:20,9,31735,15867.5,0 days 07:28:10,2.0,Great Warehuose,20497.85714285714
13,12575,15475,8705,3870,2,0 days 17:24:40,11,40625,20312.5,0 days 08:42:20,2.0,Great Warehuose,20497.85714285714
13,12185,8125,15085,6965,3,0 days 05:52:10,11,42360,21180.0,0 days 02:56:05,2.0,Great Barracks,21180.0
18,93045,88395,79755,26585,4,0 days 15:12:20,80,287780,22136.923076923078,0 days 01:10:10,13.0,Trade Office,22136.923076923078
19,34030,42535,29775,8505,2,1 days 11:08:00,32,114845,22969.0,0 days 07:01:36,5.0,Great Granary,22969.0
19,119100,113145,102085,34030,4,0 days 17:43:00,96,368360,23022.5,0 days 01:06:26,16.0,Trade Office,23022.5
20,43555,54445,38110,10890,2,1 days 16:50:20,38,147000,24500.0,0 days 06:48:23,6.0,Great Granary,24500.0
20,152445,144825,130670,43555,4,0 days 20:37:40,115,471495,24815.526315789473,0 days 01:05:08,19.0,Trade Office,24815.526315789473
14,16095,19805,11140,4950,2,0 days 20:16:50,13,51990,25995.0,0 days 10:08:25,2.0,Great Warehuose,25995.0
14,15600,10400,19310,8915,3,0 days 06:53:30,13,54225,27112.5,0 days 03:26:45,2.0,Great Barracks,27112.5
10,30165,19215,25825,35950,4,0 days 11:22:10,25,111155,27788.75,0 days 02:50:32,4.0,Brewery,27788.75
15,20600,25355,14260,6340,2,0 days 23:36:30,15,66555,33277.5,0 days 11:48:15,2.0,Great Warehuose,28596.428571428572
16,26365,32450,18255,8115,2,1 days 03:28:10,18,85185,28395.0,0 days 09:09:23,3.0,Great Warehuose,28596.428571428572
17,33750,41540,23365,10385,2,1 days 07:56:50,22,109040,27260.0,0 days 07:59:12,4.0,Great Warehuose,28596.428571428572
18,43200,53170,29910,13290,2,1 days 13:08:30,27,139570,27914.0,0 days 07:25:42,5.0,Great Warehuose,28596.428571428572
15,19965,13310,24270,11410,3,0 days 08:04:40,15,68955,34477.5,0 days 04:02:20,2.0,Great Barracks,29789.285714285714
16,25555,17035,31640,14605,4,0 days 09:27:10,18,88835,29611.666666666668,0 days 03:09:03,3.0,Great Barracks,29789.285714285714
17,32710,21810,40500,18690,4,0 days 11:02:50,22,113710,28427.5,0 days 02:45:42,4.0,Great Barracks,29789.285714285714
18,41870,27915,51840,23925,4,0 days 12:54:00,27,145550,29110.0,0 days 02:34:48,5.0,Great Barracks,29789.285714285714
8,5155,4930,5155,1765,2,0 days 01:40:40,4,17005,,,0.0,Hero's Mansion,32586.0
9,6855,6560,6855,2350,2,0 days 01:56:50,5,22620,22620.0,0 days 01:56:50,1.0,Hero's Mansion,32586.0
10,9115,8725,9115,3125,2,0 days 02:15:30,6,30080,30080.0,0 days 02:15:30,1.0,Hero's Mansion,32586.0
11,12125,11605,12125,4155,2,0 days 02:37:10,7,40010,40010.0,0 days 02:37:10,1.0,Hero's Mansion,32586.0
12,16125,15435,16125,5530,2,0 days 03:02:20,9,53215,26607.5,0 days 01:31:10,2.0,Hero's Mansion,32586.0
13,21455,20525,21445,7350,2,0 days 03:31:30,11,70775,35387.5,0 days 01:45:45,2.0,Hero's Mansion,35387.5
19,55295,68055,38280,17015,2,1 days 19:10:00,32,178645,35729.0,0 days 08:38:00,5.0,Great Warehuose,35729.0
4,3670,4720,3210,505,1,0 days 01:48:30,2,12105,,,0.0,Tournament Square,36397.5
5,4700,6040,4105,645,1,0 days 02:11:00,2,15490,,,0.0,Tournament Square,36397.5
6,6015,7730,5255,825,1,0 days 02:36:50,3,19825,19825.0,0 days 02:36:50,1.0,Tournament Square,36397.5
7,7695,9895,6730,1055,1,0 days 03:07:00,4,25375,25375.0,0 days 03:07:00,1.0,Tournament Square,36397.5
4,2915,2565,2215,7230,2,0 days 03:18:30,2,14925,,,0.0,Grain Mill,36455.0
5,5250,4620,3990,13015,2,0 days 05:17:50,2,26875,,,0.0,Grain Mill,36455.0
1,1200,1480,870,1600,4,0 days 01:01:20,1,5150,5150.0,0 days 01:01:20,1.0,Bakery,36455.0
2,2160,2665,1565,2880,2,0 days 01:52:00,1,9270,,,0.0,Bakery,36455.0
3,3890,4795,2820,5185,2,0 days 03:08:00,2,16690,16690.0,0 days 03:08:00,1.0,Bakery,36455.0
19,53595,35730,66355,30625,4,0 days 15:02:50,32,186305,37261.0,0 days 03:00:34,5.0,Great Barracks,37261.0
11,6750,16870,8435,10125,2,0 days 18:01:40,7,42180,42180.0,0 days 18:01:40,1.0,Woodcutter,37540.0
12,11270,28175,14090,16905,2,1 days 04:54:10,9,70440,35220.0,0 days 14:27:05,2.0,Woodcutter,37540.0
11,13500,6750,13500,8435,2,0 days 10:28:10,7,42185,42185.0,0 days 10:28:10,1.0,Clay Pit,37541.666666666664
12,22540,11270,22540,14090,2,0 days 16:48:30,9,70440,35220.0,0 days 08:24:15,2.0,Clay Pit,37541.666666666664
11,11810,15185,11810,3375,1,0 days 14:40:10,7,42180,42180.0,0 days 14:40:10,1.0,Cropland,37541.666666666664
12,19725,25360,19725,5635,1,0 days 23:31:40,9,70445,35222.5,0 days 11:45:50,2.0,Cropland,37541.666666666664
20,70780,87110,49000,21780,2,2 days 02:09:30,38,228670,38111.666666666664,0 days 08:21:35,6.0,Great Warehuose,38111.666666666664
20,68600,45735,84935,39200,4,0 days 17:32:10,38,238470,39745.0,0 days 02:55:21,6.0,Great Barracks,39745.0
11,16870,13500,5060,10125,3,0 days 23:50:00,7,45555,45555.0,0 days 23:50:00,1.0,Iron Mine,40543.333333333336
12,28175,22540,8455,16905,3,1 days 14:11:10,9,76075,38037.5,0 days 19:05:35,2.0,Iron Mine,40543.333333333336
14,28520,27300,28520,9780,2,0 days 04:05:20,13,94120,47060.0,0 days 02:02:40,2.0,Hero's Mansion,47060.0
8,9850,12665,8615,1350,1,0 days 03:42:00,4,32480,,,0.0,Tournament Square,56314.28571428572
9,12610,16215,11025,1730,1,0 days 04:22:30,5,41580,41580.0,0 days 04:22:30,1.0,Tournament Square,56314.28571428572
10,16140,20755,14110,2215,1,0 days 05:09:30,6,53220,53220.0,0 days 05:09:30,1.0,Tournament Square,56314.28571428572
11,20660,26565,18065,2835,2,0 days 06:04:00,7,68125,68125.0,0 days 06:04:00,1.0,Tournament Square,56314.28571428572
12,26445,34000,23120,3625,2,0 days 07:07:10,9,87190,43595.0,0 days 03:33:35,2.0,Tournament Square,56314.28571428572
13,33850,43520,29595,4640,2,0 days 08:20:30,11,111605,55802.5,0 days 04:10:15,2.0,Tournament Square,56314.28571428572
15,37935,36310,37935,13005,2,0 days 04:44:30,15,125185,62592.5,0 days 02:22:15,2.0,Hero's Mansion,57011.666666666664
16,50450,48290,50450,17300,3,0 days 05:30:00,18,166490,55496.666666666664,0 days 01:50:00,3.0,Hero's Mansion,57011.666666666664
17,67100,64225,67100,23005,3,0 days 06:22:50,22,221430,55357.5,0 days 01:35:42,4.0,Hero's Mansion,57011.666666666664
13,18820,47055,23525,28230,2,1 days 22:18:00,11,117630,58815.0,0 days 23:09:00,2.0,Woodcutter,58815.0
13,37645,18820,37645,23525,2,1 days 02:56:50,11,117635,58817.5,0 days 13:28:25,2.0,Clay Pit,58817.5
13,32940,42350,32940,9410,1,1 days 13:41:50,11,117640,58820.0,0 days 18:50:55,2.0,Cropland,58820.0
18,89245,85420,89245,30600,3,0 days 07:24:10,27,294510,58902.0,0 days 01:28:50,5.0,Hero's Mansion,58902.0
13,47055,37645,14115,28230,3,2 days 13:09:20,11,127045,63522.5,1 days 06:34:40,2.0,Iron Mine,63522.5
14,43330,55705,37880,5940,2,0 days 09:45:40,13,142855,71427.5,0 days 04:52:50,2.0,Tournament Square,71427.5
19,118695,113605,118695,40695,3,0 days 08:35:10,32,391690,78338.0,0 days 01:43:02,5.0,Hero's Mansion,78338.0
15,55460,71305,48490,7605,2,0 days 11:24:20,15,182860,91430.0,0 days 05:42:10,2.0,Tournament Square,78570.71428571429
16,70990,91270,62065,9735,2,0 days 13:18:50,18,234060,78020.0,0 days 04:26:16,3.0,Tournament Square,78570.71428571429
17,90865,116825,79440,12460,2,0 days 15:31:40,22,299590,74897.5,0 days 03:52:55,4.0,Tournament Square,78570.71428571429
18,116305,149540,101685,15950,2,0 days 18:05:40,27,383480,76696.0,0 days 03:37:08,5.0,Tournament Square,78570.71428571429
20,157865,151095,157865,54125,3,0 days 09:57:40,38,520950,86825.0,0 days 01:39:36,6.0,Hero's Mansion,86825.0
19,148875,191410,130160,20415,2,0 days 21:04:20,32,490860,98172.0,0 days 04:12:52,5.0,Tournament Square,98172.0
14,55005,70720,55005,15715,1,2 days 12:22:20,13,196445,98222.5,1 days 06:11:10,2.0,Cropland,98222.5
14,62865,31430,62865,39290,2,1 days 19:10:20,13,196450,98225.0,0 days 21:35:10,2.0,Clay Pit,98225.0
14,31430,78580,39290,47150,2,3 days 02:08:00,13,196450,98225.0,1 days 13:04:00,2.0,Woodcutter,98225.0
20,190560,245005,166600,26135,2,1 days 00:31:40,38,628300,104716.66666666667,0 days 04:05:16,6.0,Tournament Square,104716.66666666667
14,78580,62865,23575,47150,3,4 days 01:54:10,13,212170,106085.0,2 days 00:57:05,2.0,Iron Mine,106085.0
15,91860,118105,91860,26245,1,4 days 00:39:10,15,328070,164035.0,2 days 00:19:35,2.0,Cropland,164035.0
15,52490,131230,65615,78740,2,4 days 22:40:10,15,328075,164037.5,2 days 11:20:05,2.0,Woodcutter,164037.5
15,104985,52490,104985,65615,2,2 days 21:07:50,15,328075,164037.5,1 days 10:33:55,2.0,Clay Pit,164037.5
15,131230,104985,39370,78740,3,6 days 12:42:00,15,354325,177162.5,3 days 06:21:00,2.0,Iron Mine,177162.5
16,175320,87660,175320,109575,3,4 days 14:39:50,18,547875,182625.0,1 days 12:53:16.667000,3.0,Clay Pit,182625.0
16,87660,219155,109575,131490,3,7 days 21:55:30,18,547880,182626.66666666666,2 days 15:18:30,3.0,Woodcutter,182626.66666666666
16,153405,197240,153405,43830,2,6 days 10:41:50,18,547880,182626.66666666666,2 days 03:33:56.667000,3.0,Cropland,182626.66666666666
16,219155,175320,65745,131490,3,10 days 10:46:30,18,591710,197236.66666666666,3 days 11:35:30,3.0,Iron Mine,197236.66666666666
17,256190,329385,256190,73195,2,10 days 07:34:20,22,914960,228740.0,2 days 13:53:35,4.0,Cropland,228740.0
17,146395,365985,182995,219590,3,12 days 15:56:10,22,914965,228741.25,3 days 03:59:02.500000,4.0,Woodcutter,228741.25
17,292790,146395,292790,182995,3,7 days 09:07:00,22,914970,228742.5,1 days 20:16:45,4.0,Clay Pit,228742.5
17,365985,292790,109795,219590,3,16 days 17:17:40,22,988160,247040.0,4 days 04:19:25,4.0,Iron Mine,247040.0
18,427835,550075,427835,122240,2,16 days 12:10:10,27,1527985,305597.0,3 days 07:14:02,5.0,Cropland,305597.0
18,488955,244480,488955,305600,3,11 days 19:26:30,27,1527990,305598.0,2 days 08:41:18,5.0,Clay Pit,305598.0
18,244480,611195,305600,366715,3,20 days 06:21:20,27,1527990,305598.0,4 days 01:16:16,5.0,Woodcutter,305598.0
18,611195,488955,183360,366715,3,26 days 18:07:40,27,1650225,330045.0,5 days 08:25:32,5.0,Iron Mine,330045.0
19,714485,918625,714485,204140,2,26 days 09:55:00,32,2551735,510347.0,5 days 06:47:00,5.0,Cropland,510347.0
19,816555,408280,816555,510350,3,18 days 21:33:40,32,2551740,510348.0,3 days 18:42:44,5.0,Clay Pit,510348.0
19,408280,1020695,510350,612420,3,32 days 10:13:20,32,2551745,510349.0,6 days 11:38:40,5.0,Woodcutter,510349.0
19,1020695,816555,306210,612420,3,42 days 19:27:30,32,2755880,551176.0,8 days 13:29:30,5.0,Iron Mine,551176.0
20,1363650,681825,1363650,852280,3,30 days 05:45:10,38,4261405,710234.1666666666,5 days 00:57:31.667000,6.0,Clay Pit,710234.1666666666
20,1193195,1534105,1193195,340915,2,42 days 06:20:30,38,4261410,710235.0,7 days 01:03:25,6.0,Cropland,710235.0
20,681825,1704565,852280,1022740,3,51 days 21:12:50,38,4261410,710235.0,8 days 15:32:08.333000,6.0,Woodcutter,710235.0
20,1704565,1363650,511370,1022740,3,67 days 11:59:30,38,4602325,767054.1666666666,11 days 09:59:55,6.0,Iron Mine,767054.1666666666
4,3035,2215,1690,525,2,0 days 04:23:50,2,7465,,,0.0,Sawmill,
5,5460,3990,3045,945,2,0 days 06:55:40,2,13440,,,0.0,Sawmill,
4,2565,2800,1865,290,2,0 days 03:41:00,2,7520,,,0.0,Brickyard,
5,4620,5040,3360,525,2,0 days 05:51:30,2,13545,,,0.0,Brickyard,
4,1165,2625,2975,700,3,0 days 05:24:30,2,7465,,,0.0,Iron Foundry,
5,2100,4725,5355,1260,3,0 days 08:26:50,2,13440,,,0.0,Iron Foundry,
4,7000,8630,5075,9330,2,0 days 05:02:00,2,30035,,,0.0,Bakery,
5,12595,15535,9135,16795,2,0 days 07:53:00,2,54060,,,0.0,Bakery,
