level,wood,clay,stone,crop,crop con.,time,cp,total,res/cp,time/cp,cp_delta,name,level,eff. Res/cp
1,180,130,150,80,3,0 days 00:33:20,5,540,108,0 days 00:06:40,5,Embassy,1,108
1,40,50,30,10,0,0 days 00:12:30,1,130,130,0 days 00:12:30,1,Cranny,1,130
2,90,50,75,25,1,0 days 00:43:40,3,240,240,0 days 00:43:40,1,Main Building,2,179
3,115,65,100,35,1,0 days 00:55:40,3,315,,,0,Main Building,3,179
1,80,70,120,70,4,0 days 00:30:00,4,340,85,0 days 00:07:30,4,Marketplace,1,179
1,70,90,70,20,0,0 days 00:02:30,1,250,250,0 days 00:02:30,1,Cropland,1,250
1,80,40,80,50,2,0 days 00:03:40,1,250,250,0 days 00:03:40,1,Clay Pit,1,250
1,40,100,50,60,2,0 days 00:04:32,1,250,250,0 days 00:04:32,1,Woodcutter,1,250
1,100,80,30,60,3,0 days 00:02:30,1,270,270,0 days 00:02:30,1,Iron Mine,1,270
2,50,65,40,15,0,0 days 00:19:30,1,170,,,0,Cranny,2,380
3,65,80,50,15,0,0 days 00:27:40,2,210,210,0 days 00:27:40,1,Cranny,3,380
4,145,85,125,40,1,0 days 01:09:30,4,395,395,0 days 01:09:30,1,Main Building,4,395
1,70,90,170,70,0,0 days 00:33:20,1,400,400,0 days 00:33:20,1,Wall,1,400
5,190,105,160,55,1,0 days 01:25:40,5,510,510,0 days 01:25:40,1,Main Building,5,408.5714286
1,550,800,750,250,1,0 days 01:23:20,6,2350,391.6666667,0 days 00:13:53,6,Palace,1,408.5714286
1,110,160,90,70,1,0 days 00:33:20,1,430,430,0 days 00:33:20,1,Rally Point,1,430
1,210,140,260,120,4,0 days 00:31:00,1,730,730,0 days 00:31:00,1,Barracks,1,482.1428571
2,270,180,335,155,2,0 days 00:40:30,1,940,,,0,Barracks,2,482.1428571
3,345,230,425,195,2,0 days 00:51:40,2,1195,1195,0 days 00:51:40,1,Barracks,3,482.1428571
1,220,160,90,40,4,0 days 00:31:00,5,510,102,0 days 00:06:12,5,Academy,1,482.1428571
1,180,250,500,160,4,0 days 02:46:40,2,1090,545,0 days 01:23:20,2,Smithy,1,545
6,240,135,205,70,2,0 days 01:44:20,6,650,650,0 days 01:44:20,1,Main Building,6,641.25
7,310,175,265,90,2,0 days 02:06:10,7,840,840,0 days 02:06:10,1,Main Building,7,641.25
8,395,225,340,115,2,0 days 02:31:20,9,1075,537.5,0 days 01:15:40,2,Main Building,8,641.25
2,280,205,115,50,2,0 days 00:40:30,6,650,650,0 days 00:40:30,1,Academy,2,650
2,230,165,190,100,2,0 days 00:43:40,6,685,685,0 days 00:43:40,1,Embassy,2,685
2,100,90,155,90,2,0 days 00:39:50,4,435,,,0,Marketplace,2,754.2857143
3,130,115,195,115,2,0 days 00:51:10,5,555,555,0 days 00:51:10,1,Marketplace,3,754.2857143
4,170,145,250,145,2,0 days 01:04:20,6,710,710,0 days 01:04:20,1,Marketplace,4,754.2857143
5,215,190,320,190,2,0 days 01:19:40,7,915,915,0 days 01:19:40,1,Marketplace,5,754.2857143
6,275,240,410,240,3,0 days 01:37:20,9,1165,582.5,0 days 00:48:40,2,Marketplace,6,754.2857143
7,350,310,530,310,3,0 days 01:58:00,11,1500,750,0 days 00:59:00,2,Marketplace,7,754.2857143
1,590,460,350,180,1,0 days 00:33:20,2,1580,790,0 days 00:16:40,2,Residence,1,790
3,360,260,145,65,2,0 days 00:51:40,7,830,830,0 days 00:51:40,1,Academy,3,816.25
4,460,335,190,85,2,0 days 01:04:40,8,1070,1070,0 days 01:04:40,1,Academy,4,816.25
5,590,430,240,105,2,0 days 01:19:40,10,1365,682.5,0 days 00:39:50,2,Academy,5,816.25
4,85,105,65,20,0,0 days 00:37:00,2,275,,,0,Cranny,4,817.5
5,105,135,80,25,0,0 days 00:48:00,2,345,,,0,Cranny,5,817.5
6,135,170,105,35,1,0 days 01:00:40,3,445,445,0 days 01:00:40,1,Cranny,6,817.5
7,175,220,130,45,1,0 days 01:15:20,4,570,570,0 days 01:15:20,1,Cranny,7,817.5
3,295,215,245,130,2,0 days 00:55:40,7,885,885,0 days 00:55:40,1,Embassy,3,868.75
4,375,275,315,170,2,0 days 01:09:30,8,1135,1135,0 days 01:09:30,1,Embassy,4,868.75
5,485,350,405,215,2,0 days 01:25:40,10,1455,727.5,0 days 00:42:50,2,Embassy,5,868.75
6,755,550,310,135,3,0 days 01:37:00,12,1750,875,0 days 00:48:30,2,Academy,6,875
9,505,290,430,145,2,0 days 03:00:30,10,1370,1370,0 days 03:00:30,1,Main Building,9,894.1666667
10,645,370,555,185,2,0 days 03:34:20,12,1755,877.5,0 days 01:47:10,2,Main Building,10,894.1666667
11,825,470,710,235,2,0 days 04:13:40,15,2240,746.6666667,0 days 01:24:33,3,Main Building,11,894.1666667
7,970,705,395,175,3,0 days 01:57:10,14,2245,1122.5,0 days 00:58:35,2,Academy,7,905.2941176
8,1240,900,505,225,3,0 days 02:20:30,17,2870,956.6666667,0 days 00:46:50,3,Academy,8,905.2941176
9,1585,1155,650,290,3,0 days 02:47:40,21,3680,920,0 days 00:41:55,4,Academy,9,905.2941176
10,2030,1475,830,370,3,0 days 03:19:10,25,4705,1176.25,0 days 00:49:47,4,Academy,10,905.2941176
1,460,510,600,320,3,0 days 00:46:30,4,1890,472.5,0 days 00:11:37,4,Workshop,1,905.2941176
1,1250,1110,1260,600,4,0 days 02:29:50,6,4220,703.3333333,0 days 00:24:58,6,Townhall,1,703.3333333
6,620,445,515,275,2,0 days 01:44:20,12,1855,927.5,0 days 00:52:10,2,Embassy,6,927.5
8,450,395,675,395,3,0 days 02:21:50,13,1915,957.5,0 days 01:10:55,2,Marketplace,8,937.5
9,575,505,865,505,3,0 days 02:49:30,15,2450,1225,0 days 01:24:45,2,Marketplace,9,937.5
10,740,645,1105,645,3,0 days 03:21:40,19,3135,783.75,0 days 00:50:25,4,Marketplace,10,937.5
12,1060,605,905,300,2,0 days 04:59:10,18,2870,956.6666667,0 days 01:39:43,3,Main Building,12,956.6666667
7,790,570,660,350,2,0 days 02:06:10,14,2370,1185,0 days 01:03:05,2,Embassy,7,1032.777778
8,1015,730,845,450,2,0 days 02:31:20,17,3040,1013.333333,0 days 00:50:26,3,Embassy,8,1032.777778
9,1295,935,1080,575,2,0 days 03:00:30,21,3885,971.25,0 days 00:45:07,4,Embassy,9,1032.777778
13,1355,775,1160,385,2,0 days 05:52:10,21,3675,1225,0 days 01:57:23,3,Main Building,13,1047.5
14,1735,990,1485,495,2,0 days 06:53:30,26,4705,941,0 days 01:22:42,5,Main Building,14,1047.5
2,115,150,115,35,0,0 days 00:07:20,1,415,,,0,Cropland,2,1110
3,195,250,195,55,0,0 days 00:15:00,2,695,695,0 days 00:15:00,1,Cropland,3,1110
2,65,165,85,100,1,0 days 00:10:20,1,415,,,0,Woodcutter,2,1110
3,110,280,140,165,1,0 days 00:19:50,2,695,695,0 days 00:19:50,1,Woodcutter,3,1110
2,135,65,135,85,1,0 days 00:09:10,1,420,,,0,Clay Pit,2,1120
3,225,110,225,140,1,0 days 00:18:00,2,700,700,0 days 00:18:00,1,Clay Pit,3,1120
11,945,825,1415,825,3,0 days 03:59:00,22,4010,1336.666667,0 days 01:19:40,3,Marketplace,11,1144.375
12,1210,1060,1815,1060,3,0 days 04:42:10,27,5145,1029,0 days 00:56:26,5,Marketplace,12,1144.375
2,90,115,220,90,0,0 days 00:43:40,1,515,,,0,Wall,2,1170
3,115,145,280,115,0,0 days 00:55:40,2,655,655,0 days 00:55:40,1,Wall,3,1170
11,2595,1890,1065,470,3,0 days 03:55:40,30,6020,1204,0 days 00:47:08,5,Academy,11,1204
2,165,135,50,100,2,0 days 00:15:20,1,450,,,0,Iron Mine,2,1205
3,280,225,85,165,2,0 days 00:27:50,2,755,755,0 days 00:27:50,1,Iron Mine,3,1205
15,2220,1270,1900,635,2,0 days 08:04:40,31,6025,1205,0 days 01:36:56,5,Main Building,15,1205
2,230,320,640,205,2,0 days 03:38:20,3,1395,1395,0 days 03:38:20,1,Smithy,2,1206.25
3,295,410,820,260,2,0 days 04:38:20,3,1785,,,0,Smithy,3,1206.25
1,260,140,220,100,5,0 days 00:34:00,2,720,360,0 days 00:17:00,2,Stable,1,1206.25
2,335,180,280,130,3,0 days 00:44:10,3,925,925,0 days 00:44:10,1,Stable,2,1206.25
10,1660,1200,1385,740,2,0 days 03:34:20,25,4985,1246.25,0 days 00:53:35,4,Embassy,10,1246.25
13,1545,1355,2320,1355,3,0 days 05:32:20,32,6575,1315,0 days 01:06:28,5,Marketplace,13,1249.583333
14,1980,1735,2970,1735,3,0 days 06:30:30,39,8420,1202.857143,0 days 00:55:47,7,Marketplace,14,1249.583333
2,140,205,115,90,1,0 days 00:43:40,1,550,,,0,Rally Point,2,1250
3,180,260,145,115,1,0 days 00:55:40,2,700,700,0 days 00:55:40,1,Rally Point,3,1250
11,2125,1535,1770,945,3,0 days 04:13:40,30,6375,1275,0 days 00:50:44,5,Embassy,11,1275
16,2840,1625,2435,810,3,0 days 09:27:10,37,7710,1285,0 days 01:34:31,6,Main Building,16,1285
12,3325,2420,1360,605,3,0 days 04:38:00,36,7710,1285,0 days 00:46:20,6,Academy,12,1285
13,4255,3095,1740,775,3,0 days 05:27:10,43,9865,1409.285714,0 days 00:46:44,7,Academy,13,1291.290323
14,5445,3960,2230,990,3,0 days 06:24:10,51,12625,1578.125,0 days 00:48:01,8,Academy,14,1291.290323
15,6970,5070,2850,1270,3,0 days 07:30:20,62,16160,1469.090909,0 days 00:40:56,11,Academy,15,1291.290323
1,320,280,420,360,4,0 days 00:50:00,5,1380,276,0 days 00:10:00,5,Hospital,1,1291.290323
1,2880,2740,2580,990,4,0 days 01:35:50,7,9190,1312.857143,0 days 00:13:41,7,Treasury,1,1312.857143
12,2720,1965,2265,1210,3,0 days 04:59:10,36,8160,1360,0 days 00:49:51,6,Embassy,12,1360
17,3635,2075,3115,1040,3,0 days 11:02:50,44,9865,1409.285714,0 days 01:34:41,7,Main Building,17,1405.9375
18,4650,2660,3990,1330,3,0 days 12:54:00,53,12630,1403.333333,0 days 01:26:00,9,Main Building,18,1405.9375
8,225,280,170,55,1,0 days 01:32:20,4,730,,,0,Cranny,8,1430
9,290,360,215,70,1,0 days 01:52:10,5,935,935,0 days 01:52:10,1,Cranny,9,1430
10,370,460,275,90,1,0 days 02:15:10,6,1195,1195,0 days 02:15:10,1,Cranny,10,1430
19,5955,3405,5105,1700,3,0 days 15:02:50,64,16165,1469.545455,0 days 01:22:04,11,Main Building,19,1469.545455
13,3480,2515,2900,1545,3,0 days 05:52:10,43,10440,1491.428571,0 days 00:50:18,7,Embassy,13,1491.428571
15,2535,2220,3805,2220,3,0 days 07:38:00,46,10780,1540,0 days 01:05:25,7,Marketplace,15,1508.214286
16,3245,2840,4870,2840,4,0 days 08:56:20,55,13795,1532.777778,0 days 00:59:35,9,Marketplace,16,1508.214286
17,4155,3635,6230,3635,4,0 days 10:27:00,67,17655,1471.25,0 days 00:52:15,12,Marketplace,17,1508.214286
20,7620,4355,6535,2180,3,0 days 17:32:10,77,20690,1591.538462,0 days 01:20:56,13,Main Building,20,1591.538462
14,4455,3220,3715,1980,3,0 days 06:53:30,51,13370,1671.25,0 days 00:51:41,8,Embassy,14,1604.473684
15,5705,4120,4755,2535,3,0 days 08:04:40,62,17115,1555.909091,0 days 00:44:03,11,Embassy,15,1604.473684
16,8925,6490,3650,1625,4,0 days 08:47:00,74,20690,1724.166667,0 days 00:43:55,12,Academy,16,1724.166667
18,5315,4650,7975,4650,4,0 days 12:12:20,80,22590,1737.692308,0 days 00:56:20,13,Marketplace,18,1737.692308
17,11425,8310,4675,2075,4,0 days 10:16:00,89,26485,1765.666667,0 days 00:41:04,15,Academy,17,1765.666667
2,410,360,540,460,2,0 days 01:03:00,6,1770,1770,0 days 01:03:00,1,Hospital,2,1770
19,6805,5955,10210,5955,4,0 days 14:14:30,96,28925,1807.8125,0 days 00:53:24,16,Marketplace,19,1807.8125
16,7300,5275,6085,3245,3,0 days 09:27:10,74,21905,1825.416667,0 days 00:47:15,12,Embassy,16,1825.416667
17,9345,6750,7790,4155,3,0 days 11:02:50,89,28040,1869.333333,0 days 00:44:11,15,Embassy,17,1869.333333
20,8710,7620,13065,7620,4,0 days 16:36:20,115,37015,1948.157895,0 days 00:52:26,19,Marketplace,20,1948.157895
18,14620,10635,5980,2660,4,0 days 11:59:10,106,33895,1993.823529,0 days 00:42:18,17,Academy,18,1981.538462
19,18715,13610,7655,3405,4,0 days 13:59:00,128,43385,1972.045455,0 days 00:38:08,22,Academy,19,1981.538462
2,740,590,450,230,1,0 days 00:43:40,3,2010,2010,0 days 00:43:40,1,Residence,2,2010
18,11965,8640,9970,5315,3,0 days 12:54:00,106,35890,2111.176471,0 days 00:45:31,17,Embassy,18,2098.205128
19,15315,11060,12760,6805,3,0 days 15:02:50,128,45940,2088.181818,0 days 00:41:02,22,Embassy,19,2098.205128
1,650,800,450,200,1,0 days 02:30:00,1,2100,2100,0 days 02:30:00,1,Great Warehuose,1,2100
3,525,460,690,590,2,0 days 01:18:05,7,2265,2265,0 days 01:18:05,1,Hospital,3,2213.75
4,670,585,880,755,2,0 days 01:35:34,8,2890,2890,0 days 01:35:34,1,Hospital,4,2213.75
5,860,750,1125,965,2,0 days 01:55:52,10,3700,1850,0 days 00:57:56,2,Hospital,5,2213.75
20,23955,17420,9800,4355,4,0 days 16:17:50,153,55530,2221.2,0 days 00:39:06,25,Academy,20,2221.2
4,375,525,1050,335,2,0 days 05:47:50,4,2285,2285,0 days 05:47:50,1,Smithy,4,2285
2,705,1025,960,320,1,0 days 01:41:40,7,3010,3010,0 days 01:41:40,1,Palace,2,2286.666667
3,900,1310,1230,410,1,0 days 02:03:00,9,3850,1925,0 days 01:01:30,2,Palace,3,2286.666667
1,700,670,700,240,2,0 days 00:35:39,1,2310,2310,0 days 00:35:39,1,Hero's Mansion,1,2310
3,425,230,360,165,3,0 days 00:55:50,3,1180,,,0,Stable,3,2312.5
4,545,295,460,210,3,0 days 01:09:30,4,1510,1510,0 days 01:09:30,1,Stable,4,2312.5
5,700,375,590,270,3,0 days 01:25:10,5,1935,1935,0 days 01:25:10,1,Stable,5,2312.5
6,895,480,755,345,3,0 days 01:43:30,6,2475,2475,0 days 01:43:30,1,Stable,6,2351.363636
7,1145,615,970,440,3,0 days 02:04:40,7,3170,3170,0 days 02:04:40,1,Stable,7,2351.363636
8,1465,790,1240,565,3,0 days 02:29:20,9,4060,2030,0 days 01:14:40,2,Stable,8,2351.363636
9,1875,1010,1585,720,3,0 days 02:57:50,10,5190,5190,0 days 02:57:50,1,Stable,9,2351.363636
10,2400,1290,2030,920,3,0 days 03:31:00,12,6640,3320,0 days 01:45:30,2,Stable,10,2351.363636
1,1400,1330,1200,400,3,0 days 00:46:30,4,4330,1082.5,0 days 00:11:37,4,Trade Office,1,2351.363636
20,19600,14155,16335,8710,3,0 days 17:32:10,153,58800,2352,0 days 00:42:05,25,Embassy,20,2352
6,1100,960,1445,1235,3,0 days 02:19:24,12,4740,2370,0 days 01:09:42,2,Hospital,6,2370
4,145,190,355,145,0,0 days 01:09:30,2,835,,,0,Wall,4,2525
5,190,240,455,190,0,0 days 01:25:40,2,1075,,,0,Wall,5,2525
6,240,310,585,240,1,0 days 01:44:20,3,1375,1375,0 days 01:44:20,1,Wall,6,2525
7,310,395,750,310,1,0 days 02:06:10,4,1765,1765,0 days 02:06:10,1,Wall,7,2525
7,1405,1230,1845,1585,3,0 days 02:46:42,14,6065,3032.5,0 days 01:23:21,2,Hospital,7,2641.666667
8,1800,1575,2365,2025,3,0 days 03:18:23,17,7765,2588.333333,0 days 01:06:07,3,Hospital,8,2641.666667
9,2305,2020,3025,2595,3,0 days 03:55:07,21,9945,2486.25,0 days 00:58:46,4,Hospital,9,2641.666667
4,230,335,190,145,1,0 days 01:09:30,2,900,,,0,Rally Point,4,2715
5,295,430,240,190,1,0 days 01:25:40,2,1155,,,0,Rally Point,5,2715
6,380,550,310,240,1,0 days 01:44:20,3,1480,1480,0 days 01:44:20,1,Rally Point,6,2715
7,485,705,395,310,1,0 days 02:06:10,4,1895,1895,0 days 02:06:10,1,Rally Point,7,2715
11,3070,1655,2595,1180,4,0 days 04:09:20,15,8500,2833.333333,0 days 01:23:06,3,Stable,11,2833.333333
5,485,670,1340,430,2,0 days 07:08:30,5,2925,2925,0 days 07:08:30,1,Smithy,5,2925
10,2950,2585,3875,3320,3,0 days 04:37:44,25,12730,3182.5,0 days 01:09:26,4,Hospital,10,3182.5
4,1155,1680,1575,575,1,0 days 02:27:40,10,4985,4985,0 days 02:27:40,1,Palace,4,3227.666667
5,1475,2145,2015,671,1,0 days 02:56:10,12,6306,3153,0 days 01:28:05,2,Palace,5,3227.666667
6,1890,2750,2575,860,1,0 days 03:29:20,15,8075,2691.666667,0 days 01:09:46,3,Palace,6,3227.666667
11,3780,3305,4960,4250,3,0 days 05:27:11,30,16295,3259,0 days 01:05:26,5,Hospital,11,3259
7,2420,3520,3300,1100,1,0 days 04:08:00,18,10340,3446.666667,0 days 01:22:40,3,Palace,7,3446.666667
12,4835,4230,6345,5440,3,0 days 06:24:32,36,20850,3475,0 days 01:04:05,6,Hospital,12,3475
12,3930,2115,3325,1510,4,0 days 04:54:00,18,10880,3626.666667,0 days 01:38:00,3,Stable,12,3626.666667
6,620,860,1720,550,3,0 days 08:42:00,6,3750,3750,0 days 08:42:00,1,Smithy,6,3670
7,790,1100,2200,705,3,0 days 10:30:30,7,4795,4795,0 days 10:30:30,1,Smithy,7,3670
8,1015,1405,2815,900,3,0 days 12:36:20,9,6135,3067.5,0 days 06:18:10,2,Smithy,8,3670
8,3095,4505,4220,1405,1,0 days 04:52:40,21,13225,4408.333333,0 days 01:37:33,3,Palace,8,3770
9,3965,5765,5405,1800,1,0 days 05:44:20,26,16935,3387,0 days 01:08:52,5,Palace,9,3770
13,6190,5415,8125,6965,3,0 days 07:31:03,43,26695,3813.571429,0 days 01:04:26,7,Hospital,13,3813.571429
8,395,505,955,395,1,0 days 02:31:20,4,2250,,,0,Wall,8,3905
9,505,650,1225,505,1,0 days 03:00:30,5,2885,2885,0 days 03:00:30,1,Wall,9,3905
10,645,830,1570,645,1,0 days 03:34:20,6,3690,3690,0 days 03:34:20,1,Wall,10,3905
11,825,1065,2005,825,1,0 days 04:13:40,7,4720,4720,0 days 04:13:40,1,Wall,11,3905
12,1060,1360,2570,1060,1,0 days 04:59:10,9,6050,3025,0 days 02:29:35,2,Wall,12,3905
13,1355,1740,3290,1355,1,0 days 05:52:10,11,7740,3870,0 days 02:56:05,2,Wall,13,3905
13,5030,2710,4255,1935,4,0 days 05:45:40,21,13930,4643.333333,0 days 01:55:13,3,Stable,13,3968.75
14,6435,3465,5445,2475,4,0 days 06:45:30,26,17820,3564,0 days 01:21:06,5,Stable,14,3968.75
14,7925,6930,10400,8915,3,0 days 08:48:13,51,34170,4271.25,0 days 01:06:01,8,Hospital,14,4100.263158
15,10140,8875,13310,11410,3,0 days 10:17:44,62,43735,3975.909091,0 days 00:56:09,11,Hospital,15,4100.263158
2,1600,1420,1615,770,2,0 days 02:57:20,7,5405,5405,0 days 02:57:20,1,Townhall,2,4108.333333
3,2050,1820,2065,985,2,0 days 03:29:20,9,6920,3460,0 days 01:44:40,2,Townhall,3,4108.333333
8,615,900,505,395,1,0 days 02:31:20,4,2415,,,0,Rally Point,8,4194.285714
9,790,1155,645,505,1,0 days 03:00:30,5,3095,3095,0 days 03:00:30,1,Rally Point,9,4194.285714
10,1010,1475,830,650,1,0 days 03:34:20,6,3965,3965,0 days 03:34:20,1,Rally Point,10,4194.285714
11,1290,1890,1060,830,2,0 days 04:13:40,7,5070,5070,0 days 04:13:40,1,Rally Point,11,4194.285714
12,1655,2420,1360,1065,2,0 days 04:59:10,9,6500,3250,0 days 02:29:35,2,Rally Point,12,4194.285714
13,2115,3100,1740,1360,2,0 days 05:52:10,11,8315,4157.5,0 days 02:56:05,2,Rally Point,13,4194.285714
2,590,655,770,410,2,0 days 00:58:30,4,2425,,,0,Workshop,2,4195.714286
3,755,835,985,525,2,0 days 01:12:30,5,3100,3100,0 days 01:12:30,1,Workshop,3,4195.714286
4,965,1070,1260,670,2,0 days 01:28:50,6,3965,3965,0 days 01:28:50,1,Workshop,4,4195.714286
5,1235,1370,1610,860,2,0 days 01:47:40,7,5075,5075,0 days 01:47:40,1,Workshop,5,4195.714286
6,1580,1750,2060,1100,2,0 days 02:09:30,9,6490,3245,0 days 01:04:45,2,Workshop,6,4195.714286
7,2025,2245,2640,1405,2,0 days 02:35:00,11,8315,4157.5,0 days 01:17:30,2,Workshop,7,4195.714286
10,5075,7380,6920,2305,1,0 days 06:44:30,31,21680,4336,0 days 01:20:54,5,Palace,10,4336
11,6495,9445,8855,2950,2,0 days 07:54:10,37,27745,4624.166667,0 days 01:19:01,6,Palace,11,4518.571429
12,8310,12090,11335,3780,2,0 days 09:15:10,45,35515,4439.375,0 days 01:09:23,8,Palace,12,4518.571429
15,8240,4435,6970,3170,4,0 days 07:55:10,31,22815,4563,0 days 01:35:02,5,Stable,15,4563
4,440,295,545,250,2,0 days 01:04:40,2,1530,,,0,Barracks,4,4605
5,565,375,700,320,2,0 days 01:19:40,2,1960,,,0,Barracks,5,4605
6,720,480,895,410,3,0 days 01:37:00,3,2505,2505,0 days 01:37:00,1,Barracks,6,4605
7,925,615,1145,530,3,0 days 01:57:10,4,3215,3215,0 days 01:57:10,1,Barracks,7,4605
16,12980,11360,17035,14605,4,0 days 12:01:34,74,55980,4665,0 days 01:00:07,12,Hospital,16,4665
17,16615,14540,21810,18690,4,0 days 14:02:02,89,71655,4777,0 days 00:56:08,15,Hospital,17,4777
16,10545,5680,8925,4055,4,0 days 09:15:40,37,29205,4867.5,0 days 01:32:36,6,Stable,16,4867.5
14,1735,2230,4210,1735,1,0 days 06:53:30,13,9910,4955,0 days 03:26:45,2,Wall,14,4955
3,950,755,575,295,1,0 days 00:55:40,3,2575,,,0,Residence,3,5040
4,1215,965,735,375,1,0 days 01:09:30,4,3290,3290,0 days 01:09:30,1,Residence,4,5040
5,1555,1235,940,485,1,0 days 01:25:40,5,4215,4215,0 days 01:25:40,1,Residence,5,5040
9,1295,1800,3605,1155,3,0 days 15:02:20,10,7855,7855,0 days 15:02:20,1,Smithy,9,5121.666667
10,1660,2305,4610,1475,3,0 days 17:51:50,12,10050,5025,0 days 08:55:55,2,Smithy,10,5121.666667
11,2125,2905,5905,1890,3,0 days 21:08:20,15,12825,4275,0 days 07:02:46,3,Smithy,11,5121.666667
8,2590,2870,3380,1800,2,0 days 03:04:20,13,10640,5320,0 days 01:32:10,2,Workshop,8,5211.875
9,3315,3675,4325,2305,2,0 days 03:38:30,15,13620,6810,0 days 01:49:15,2,Workshop,9,5211.875
10,4245,4705,5535,2950,2,0 days 04:18:10,19,17435,4358.75,0 days 01:04:32,4,Workshop,10,5211.875
6,1995,1580,1205,620,1,0 days 01:44:20,6,5400,5400,0 days 01:44:20,1,Residence,6,5286.25
7,2550,2025,1540,790,1,0 days 02:06:10,7,6905,6905,0 days 02:06:10,1,Residence,7,5286.25
8,3265,2590,1970,1015,1,0 days 02:31:20,9,8840,4420,0 days 01:15:40,2,Residence,8,5286.25
14,2710,3965,2225,1740,2,0 days 06:53:30,13,10640,5320,0 days 03:26:45,2,Rally Point,14,5320
17,13500,7270,11425,5190,4,0 days 10:49:20,44,37385,5340.714286,0 days 01:32:45,7,Stable,17,5327.1875
18,17280,9305,14620,6645,4,0 days 12:37:50,53,47850,5316.666667,0 days 01:24:12,9,Stable,18,5327.1875
19,22120,11910,18715,8505,4,0 days 14:43:50,64,61250,5568.181818,0 days 01:20:20,11,Stable,19,5354.814815
20,28310,15245,23955,10890,4,0 days 17:09:50,77,78400,6030.769231,0 days 01:19:13,13,Stable,20,5354.814815
1,780,420,660,300,5,0 days 00:36:40,2,2160,1080,0 days 00:18:20,2,Great Stable,1,5354.814815
2,1000,540,845,385,3,0 days 00:47:30,3,2770,2770,0 days 00:47:30,1,Great Stable,2,5354.814815
18,21270,18610,27915,23925,4,0 days 16:21:45,106,91720,5395.294118,0 days 00:57:45,17,Hospital,18,5362.051282
19,27225,23820,35730,30625,4,0 days 19:03:50,128,117400,5336.363636,0 days 00:51:59,22,Hospital,19,5362.051282
13,10640,15478,14505,4835,2,0 days 10:49:00,53,45458,5682.25,0 days 01:21:07,8,Palace,13,5430.157895
14,13150,19805,18570,6190,2,0 days 12:37:40,64,57715,5246.818182,0 days 01:08:52,11,Palace,14,5430.157895
15,2220,2850,5390,2220,1,0 days 08:04:40,15,12680,6340,0 days 04:02:20,2,Wall,15,5446.785714
16,2840,3650,6895,2840,2,0 days 09:27:10,18,16225,5408.333333,0 days 03:09:03,3,Wall,16,5446.785714
17,3635,4675,8825,3635,2,0 days 11:02:50,22,20770,5192.5,0 days 02:45:42,4,Wall,17,5446.785714
18,4650,5980,11300,4650,2,0 days 12:54:00,27,26580,5316,0 days 02:34:48,5,Wall,18,5446.785714
12,2720,3780,7555,2420,3,1 days 00:56:10,18,16475,5491.666667,0 days 08:18:43,3,Smithy,12,5491.666667
15,17430,25355,23770,7925,2,0 days 14:44:00,77,74480,5729.230769,0 days 01:08:00,13,Palace,15,5729.230769
4,2620,2330,2640,1260,2,0 days 04:06:20,10,8850,8850,0 days 04:06:20,1,Townhall,4,5779.666667
5,3355,2980,3380,1610,2,0 days 04:49:20,12,11325,5662.5,0 days 02:24:40,2,Townhall,5,5779.666667
6,4295,3815,4330,2063,3,0 days 05:39:20,15,14503,4834.333333,0 days 01:53:06,3,Townhall,6,5779.666667
2,3630,3450,3250,1245,2,0 days 01:54:50,9,11575,5787.5,0 days 00:57:25,2,Treasury,2,5787.5
15,3485,5070,2850,2220,2,0 days 08:04:40,15,13625,6812.5,0 days 04:02:20,2,Rally Point,15,5853.928571
16,4460,6490,3650,2840,2,0 days 09:27:10,18,17440,5813.333333,0 days 03:09:03,3,Rally Point,16,5853.928571
17,5710,8310,4675,3635,2,0 days 11:02:50,22,22330,5582.5,0 days 02:45:42,4,Rally Point,17,5853.928571
18,7270,10645,5970,4675,2,0 days 12:54:00,27,28560,5712,0 days 02:34:48,5,Rally Point,18,5853.928571
1,1750,2250,1530,240,1,0 days 00:58:20,1,5770,5770,0 days 00:58:20,1,Tournament Square,1,5770
4,325,420,325,95,0,0 days 00:27:30,2,1165,,,0,Cropland,4,5892.5
5,545,700,545,155,0,0 days 00:47:10,2,1945,,,0,Cropland,5,5892.5
6,910,1170,910,260,1,0 days 01:18:50,3,3250,3250,0 days 01:18:50,1,Cropland,6,5892.5
7,1520,1950,1520,435,1,0 days 02:03:40,4,5425,5425,0 days 02:03:40,1,Cropland,7,5892.5
4,185,465,235,280,1,0 days 00:35:00,2,1165,,,0,Woodcutter,4,5892.5
5,310,780,390,465,1,0 days 00:59:20,2,1945,,,0,Woodcutter,5,5892.5
6,520,1300,650,780,2,0 days 01:38:10,3,3250,3250,0 days 01:38:10,1,Woodcutter,6,5892.5
7,870,2170,1085,1300,2,0 days 02:40:20,4,5425,5425,0 days 02:40:20,1,Woodcutter,7,5892.5
4,375,185,375,235,1,0 days 00:32:10,2,1170,,,0,Clay Pit,4,5892.5
5,620,310,620,390,1,0 days 00:54:50,2,1940,,,0,Clay Pit,5,5892.5
6,1040,520,1040,650,2,0 days 01:31:10,3,3250,3250,0 days 01:31:10,1,Clay Pit,6,5892.5
7,1735,870,1735,1085,2,0 days 02:29:10,4,5425,5425,0 days 02:29:10,1,Clay Pit,7,5892.5
13,3480,4835,9670,3095,3,1 days 05:20:40,21,21080,7026.666667,0 days 09:46:53,3,Smithy,13,6008.125
14,4455,6190,12380,3960,3,1 days 10:27:20,26,26985,5397,0 days 06:53:28,5,Smithy,14,6008.125
20,34845,30490,45735,39200,4,0 days 22:11:51,153,150270,6010.8,0 days 00:53:16,25,Hospital,20,6010.8
2,830,1025,575,255,1,0 days 02:59:00,1,2685,,,0,Great Warehuose,2,6125
3,1065,1310,735,330,1,0 days 03:32:40,2,3440,3440,0 days 03:32:40,1,Great Warehuose,3,6125
7,5500,4880,5540,2640,3,0 days 06:37:10,18,18560,6186.666667,0 days 02:12:23,3,Townhall,7,6186.666667
16,22310,32450,30425,10140,2,0 days 17:10:30,92,95325,6355,0 days 01:08:42,15,Palace,16,6355
11,5430,6020,7085,3780,3,0 days 05:04:00,22,22315,7438.333333,0 days 01:41:20,3,Workshop,11,6358.75
12,6950,7705,9065,4835,3,0 days 05:57:20,27,28555,5711,0 days 01:11:28,5,Workshop,12,6358.75
4,465,375,140,280,2,0 days 00:48:00,2,1260,,,0,Iron Mine,4,6362.5
5,780,620,235,465,2,0 days 01:20:00,2,2100,,,0,Iron Mine,5,6362.5
6,1300,1040,390,780,2,0 days 02:11:00,3,3510,3510,0 days 02:11:00,1,Iron Mine,6,6362.5
7,2170,1735,650,1300,2,0 days 03:33:30,4,5855,5855,0 days 03:33:30,1,Iron Mine,7,6362.5
17,28560,41540,38940,12980,2,0 days 20:00:20,111,122020,6422.105263,0 days 01:03:10,19,Palace,17,6422.105263
8,7035,6250,7095,3380,3,0 days 07:44:20,21,23760,7920,0 days 02:34:46,3,Townhall,8,6771.25
9,9005,8000,9080,4325,3,0 days 09:02:10,26,30410,6082,0 days 01:48:26,5,Townhall,9,6771.25
19,5955,7655,14460,5955,2,0 days 15:02:50,32,34025,6805,0 days 03:00:34,5,Wall,19,6805
15,5705,7925,15845,5070,3,1 days 16:23:00,31,34545,6909,0 days 08:04:36,5,Smithy,15,6909
3,1280,690,1080,490,3,0 days 01:00:10,3,3540,,,0,Great Stable,3,6932.5
4,1635,880,1385,630,3,0 days 01:14:50,4,4530,4530,0 days 01:14:50,1,Great Stable,4,6932.5
5,2095,1125,1770,805,3,0 days 01:31:40,5,5795,5795,0 days 01:31:40,1,Great Stable,5,6932.5
13,8900,9865,11605,6190,3,0 days 06:59:10,32,36560,7312,0 days 01:23:50,5,Workshop,13,6946.25
14,11390,12625,14855,7925,3,0 days 08:10:50,39,46795,6685,0 days 01:10:07,7,Workshop,14,6946.25
18,36555,53170,49845,16615,2,0 days 23:17:20,133,156185,7099.318182,0 days 01:03:30,22,Palace,18,7099.318182
8,1180,790,1463,675,3,0 days 02:20:30,4,4108,,,0,Barracks,8,7125.428571
9,1515,1010,1875,865,3,0 days 02:47:40,5,5265,5265,0 days 02:47:40,1,Barracks,9,7125.428571
10,1935,1290,2400,1105,3,0 days 03:19:10,6,6730,6730,0 days 03:19:10,1,Barracks,10,7125.428571
11,2480,1655,3070,1415,3,0 days 03:55:40,7,8620,8620,0 days 03:55:40,1,Barracks,11,7125.428571
12,3175,2115,3930,1815,3,0 days 04:38:00,9,11035,5517.5,0 days 02:19:00,2,Barracks,12,7125.428571
13,4060,2710,5030,2320,3,0 days 05:27:10,11,14120,7060,0 days 02:43:35,2,Barracks,13,7125.428571
2,930,890,930,320,1,0 days 00:41:20,1,3070,,,0,Hero's Mansion,2,7160
3,1240,1185,1240,425,1,0 days 00:48:00,2,4090,4090,0 days 00:48:00,1,Hero's Mansion,3,7160
20,7620,9800,18510,7620,2,0 days 17:32:10,38,43550,7258.333333,0 days 02:55:21,6,Wall,20,7258.333333
6,2680,1445,2270,1030,3,0 days 01:51:20,6,7425,7425,0 days 01:51:20,1,Great Stable,6,7271.25
7,3430,1845,2905,1320,3,0 days 02:14:10,7,9500,9500,0 days 02:14:10,1,Great Stable,7,7271.25
8,4390,2365,3715,1690,3,0 days 02:40:40,9,12160,6080,0 days 01:20:20,2,Great Stable,8,7271.25
19,9305,13625,7645,5980,2,0 days 15:02:50,32,36555,7311,0 days 03:00:34,5,Rally Point,19,7311
16,7300,10140,20280,6490,4,1 days 23:15:40,37,44210,7368.333333,0 days 07:52:36,6,Smithy,16,7368.333333
9,4180,3315,2520,1295,1,0 days 03:00:30,10,11310,11310,0 days 03:00:30,1,Residence,9,7387.5
10,5350,4245,3230,1660,1,0 days 03:34:20,12,14485,7242.5,0 days 01:47:10,2,Residence,10,7387.5
11,6845,5430,4130,2125,2,0 days 04:13:40,15,18530,6176.666667,0 days 01:24:33,3,Residence,11,7387.5
19,46790,68055,63805,21270,2,1 days 03:05:50,160,199920,7404.444444,0 days 01:00:12,27,Palace,19,7404.444444
10,11530,10240,11620,5535,3,0 days 10:32:30,31,38925,7785,0 days 02:06:30,5,Townhall,10,7785
20,11910,17440,9785,7655,2,0 days 17:32:10,38,46790,7798.333333,0 days 02:55:21,6,Rally Point,20,7798.333333
12,8765,6950,5290,2720,2,0 days 04:59:10,18,23725,7908.333333,0 days 01:39:43,3,Residence,12,7908.333333
20,59890,87110,81670,27225,2,1 days 07:31:00,192,255895,7996.71875,0 days 00:59:05,32,Palace,20,7996.71875
17,9345,12980,25960,8310,4,2 days 07:14:30,44,56595,8085,0 days 07:53:30,7,Smithy,17,8065
18,11965,16615,33230,10635,4,2 days 16:29:50,53,72445,8049.444444,0 days 07:09:58,9,Smithy,18,8065
11,14755,13105,14875,7085,3,0 days 12:17:20,37,49820,8303.333333,0 days 02:02:53,6,Townhall,11,8113.571429
12,18890,16775,19040,9065,3,0 days 14:19:00,45,63770,7971.25,0 days 01:47:22,8,Townhall,12,8113.571429
15,14580,16165,19015,10140,3,0 days 09:34:00,46,59900,8557.142857,0 days 01:22:00,7,Workshop,15,8382.321429
16,18660,20690,24340,12980,3,0 days 11:10:30,55,76670,8518.888889,0 days 01:14:30,9,Workshop,16,8382.321429
17,23885,26480,31155,16615,3,0 days 13:02:30,67,98135,8177.916667,0 days 01:05:12,12,Workshop,17,8382.321429
19,15315,21270,42535,13610,4,3 days 03:14:00,64,92730,8430,0 days 06:50:21,11,Smithy,19,8430
13,11220,8900,6770,3480,2,0 days 05:52:10,21,30370,10123.33333,0 days 01:57:23,3,Residence,13,8655
14,14360,11390,8665,4455,2,0 days 06:53:30,26,38870,7774,0 days 01:22:42,5,Residence,14,8655
14,5200,3465,6435,2970,3,0 days 06:24:10,13,18070,9035,0 days 03:12:05,2,Barracks,14,9035
20,19600,27225,54445,17420,4,3 days 15:41:10,77,118690,9130,0 days 06:44:42,13,Smithy,20,9130
3,4570,4350,4095,1570,2,0 days 02:16:50,10,14585,14585,0 days 02:16:50,1,Treasury,3,9355
4,5760,5480,5160,1980,2,0 days 02:42:10,12,18380,9190,0 days 01:21:05,2,Treasury,4,9355
5,7260,6905,6505,2495,2,0 days 03:11:50,15,23165,7721.666667,0 days 01:03:56,3,Treasury,5,9355
2,1790,1700,1535,510,2,0 days 00:58:30,4,5535,,,0,Trade Office,2,9608.571429
3,2295,2180,1965,655,2,0 days 01:12:30,5,7095,7095,0 days 01:12:30,1,Trade Office,3,9608.571429
4,2935,2790,2515,840,2,0 days 01:28:50,6,9080,9080,0 days 01:28:50,1,Trade Office,4,9608.571429
5,3760,3570,3220,1075,2,0 days 01:47:40,7,11625,11625,0 days 01:47:40,1,Trade Office,5,9608.571429
6,4810,4570,4125,1375,2,0 days 02:09:30,9,14880,7440,0 days 01:04:45,2,Trade Office,6,9608.571429
7,6155,5850,5280,1760,2,0 days 02:35:00,11,19045,9522.5,0 days 01:17:30,2,Trade Office,7,9608.571429
18,30570,33895,39875,21270,3,0 days 15:12:20,80,125610,9662.307692,0 days 01:10:10,13,Workshop,18,9662.307692
6,9145,8700,8195,3145,3,0 days 03:46:00,18,29185,9728.333333,0 days 01:15:20,3,Treasury,6,9728.333333
15,6655,4435,8240,3805,3,0 days 07:30:20,15,23135,11567.5,0 days 03:45:10,2,Barracks,15,9940.714286
16,8520,5680,10545,4870,4,0 days 08:47:00,18,29615,9871.666667,0 days 02:55:40,3,Barracks,16,9940.714286
17,10905,7270,13500,6230,4,0 days 10:16:00,22,37905,9476.25,0 days 02:34:00,4,Barracks,17,9940.714286
18,13955,9305,17280,7975,4,0 days 11:59:10,27,48515,9703,0 days 02:23:50,5,Barracks,18,9940.714286
15,18380,14580,11090,5705,2,0 days 08:04:40,31,49755,9951,0 days 01:36:56,5,Residence,15,9951
13,24180,21470,27370,11605,3,0 days 16:40:00,53,84625,10578.125,0 days 02:05:00,8,Townhall,13,9952.894737
14,30950,27480,31195,14855,3,0 days 19:23:40,64,104480,9498.181818,0 days 01:45:47,11,Townhall,14,9952.894737
19,39130,43385,51040,27225,3,0 days 17:43:00,96,160780,10048.75,0 days 01:06:26,16,Workshop,19,10048.75
9,5620,3025,4755,2160,3,0 days 03:11:20,10,15560,15560,0 days 03:11:20,1,Great Stable,9,10163.33333
10,7195,3875,6085,2765,3,0 days 03:47:00,12,19920,9960,0 days 01:53:30,2,Great Stable,10,10163.33333
11,9210,4960,7790,3540,4,0 days 04:28:20,15,25500,8500,0 days 01:29:26,3,Great Stable,11,10163.33333
15,39615,35175,39930,19015,3,0 days 22:33:20,77,133735,10287.30769,0 days 01:44:06,13,Townhall,15,10287.30769
7,11525,10965,10325,3960,3,0 days 04:25:50,21,36775,12258.33333,0 days 01:28:36,3,Treasury,7,10388.75
8,14520,13815,13010,4990,3,0 days 05:12:00,26,46335,9267,0 days 01:02:24,5,Treasury,8,10388.75
16,23530,18660,14200,7300,2,0 days 09:27:10,37,63690,10615,0 days 01:34:31,6,Residence,16,10615
20,50090,55535,65335,34845,3,0 days 20:37:40,115,205805,10831.84211,0 days 01:05:08,19,Workshop,20,10831.84211
12,11785,6345,9975,4535,4,0 days 05:16:20,18,32640,10880,0 days 01:45:26,3,Great Stable,12,10880
16,50705,45025,51110,24340,4,1 days 02:13:30,92,171180,11412,0 days 01:44:54,15,Townhall,16,11412
17,64905,57635,65425,31155,4,1 days 06:28:50,111,219120,11532.63158,0 days 01:36:15,19,Townhall,17,11532.63158
19,17865,11910,22120,10210,4,0 days 13:59:00,32,62105,12421,0 days 02:47:48,5,Barracks,19,11551.92308
20,22865,15245,28310,13065,4,0 days 16:17:50,38,79485,13247.5,0 days 02:42:58,6,Barracks,20,11551.92308
1,630,420,780,360,4,0 days 00:33:20,1,2190,2190,0 days 00:33:20,1,Great Barracks,1,11551.92308
2,805,540,1000,460,2,0 days 00:43:40,1,2805,,,0,Great Barracks,2,11551.92308
3,1030,690,1280,590,2,0 days 00:55:40,2,3590,3590,0 days 00:55:40,1,Great Barracks,3,11551.92308
17,30115,23885,18175,9345,2,0 days 11:02:50,44,81520,11645.71429,0 days 01:34:41,7,Residence,17,11616.5625
18,38550,30570,23260,11965,2,0 days 12:54:00,53,104345,11593.88889,0 days 01:26:00,9,Residence,18,11616.5625
9,18295,17405,16390,6290,3,0 days 06:05:30,31,58380,11676,0 days 01:13:06,5,Treasury,9,11676
10,23055,21930,20650,7925,3,0 days 07:07:30,37,73560,12260,0 days 01:11:15,6,Treasury,10,11874.64286
11,29045,27635,26020,9985,3,0 days 08:19:30,45,92685,11585.625,0 days 01:02:26,8,Treasury,11,11874.64286
13,15085,8125,12765,5805,4,0 days 06:11:50,21,41780,13926.66667,0 days 02:03:56,3,Great Stable,13,11907.5
14,19310,10400,16340,7430,4,0 days 07:16:20,26,53480,10696,0 days 01:27:16,5,Great Stable,14,11907.5
8,7780,7485,6755,2250,2,0 days 03:04:20,13,24270,12135,0 days 01:32:10,2,Trade Office,8,11960
9,10090,9585,8645,2880,2,0 days 03:38:30,15,31200,15600,0 days 01:49:15,2,Trade Office,9,11960
10,12915,12265,11070,3960,2,0 days 04:18:10,19,40210,10052.5,0 days 01:04:32,4,Trade Office,10,11960
19,49340,39130,29775,15315,2,0 days 15:02:50,64,133560,12141.81818,0 days 01:22:04,11,Residence,19,12141.81818
18,83075,73770,83740,39875,4,1 days 11:25:00,133,280460,12748.18182,0 days 01:36:35,22,Townhall,18,12748.18182
20,63155,50090,38110,19600,2,0 days 17:32:10,77,170955,13150.38462,0 days 01:20:56,13,Residence,20,13150.38462
4,1365,1680,945,420,1,0 days 04:11:40,2,4410,,,0,Great Warehuose,4,13250
5,1745,2145,1210,535,1,0 days 04:57:00,2,5635,,,0,Great Warehuose,5,13250
6,2235,2750,1545,685,1,0 days 05:49:30,3,7215,7215,0 days 05:49:30,1,Great Warehuose,6,13250
7,2860,3520,1980,880,1,0 days 06:50:20,4,9240,9240,0 days 06:50:20,1,Great Warehuose,7,13250
19,106340,94430,107190,51040,4,1 days 17:08:40,160,359000,13296.2963,0 days 01:31:25,27,Townhall,19,13296.2963
15,24720,13310,20915,9505,4,0 days 08:31:10,31,68450,13690,0 days 01:42:14,5,Great Stable,15,13690
12,36600,34820,32785,12580,3,0 days 09:43:00,53,116785,14598.125,0 days 01:12:52,8,Treasury,12,13891.31579
13,46115,43875,41310,15850,3,0 days 11:20:00,64,147150,13377.27273,0 days 01:01:49,11,Treasury,13,13891.31579
14,58105,55280,52050,19975,3,0 days 13:12:20,77,185410,14262.30769,0 days 01:00:56,13,Treasury,14,14262.30769
20,136115,120870,137200,65335,4,1 days 23:47:10,192,459520,14360,0 days 01:29:35,32,Townhall,20,14360
11,16530,15700,14165,4720,3,0 days 05:04:00,22,51115,17038.33333,0 days 01:41:20,3,Trade Office,11,14568.75
12,21155,20100,18135,6045,3,0 days 05:57:20,27,65435,13087,0 days 01:11:28,5,Trade Office,12,14568.75
16,31640,17035,26775,12170,4,0 days 09:58:00,37,87620,14603.33333,0 days 01:39:40,6,Great Stable,16,14603.33333
15,73210,69655,65585,25165,3,0 days 15:22:40,92,233615,15574.33333,0 days 01:01:30,15,Treasury,15,15528.52941
16,92245,87760,82640,31710,4,0 days 17:53:50,111,294355,15492.36842,0 days 00:56:31,19,Treasury,16,15528.52941
17,40500,21810,34270,15575,4,0 days 11:38:40,44,112155,16022.14286,0 days 01:39:48,7,Great Stable,17,15982.1875
18,51840,27915,43865,19940,4,0 days 13:35:30,53,143560,15951.11111,0 days 01:30:36,9,Great Stable,18,15982.1875
13,27080,25725,23210,9905,3,0 days 06:59:10,32,85920,17184,0 days 01:23:50,5,Trade Office,13,16093.75
14,34660,32930,29710,9905,3,0 days 08:10:50,39,107205,15315,0 days 01:10:07,7,Trade Office,14,16093.75
19,66355,35730,56145,25520,4,0 days 15:51:00,64,183750,16704.54545,0 days 01:26:27,11,Great Stable,19,16704.54545
2,2240,2880,1960,305,1,0 days 01:12:40,1,7385,,,0,Tournament Square,2,16835
3,2865,3685,2505,395,1,0 days 01:29:20,2,9450,9450,0 days 01:29:20,1,Tournament Square,3,16835
17,116230,110580,104125,39955,4,0 days 20:49:20,133,370890,16858.63636,0 days 00:56:47,22,Treasury,17,16858.63636
18,146450,139330,131195,50340,4,1 days 00:12:50,160,467315,17307.96296,0 days 00:53:48,27,Treasury,18,17307.96296
4,1645,1575,1645,565,1,0 days 00:55:40,2,5430,,,0,Hero's Mansion,4,17532.5
5,2190,2095,2190,750,1,0 days 01:04:30,2,7225,,,0,Hero's Mansion,5,17532.5
6,2915,2790,2915,1000,2,0 days 01:14:50,3,9620,9620,0 days 01:14:50,1,Hero's Mansion,6,17532.5
7,3875,3710,3875,1330,2,0 days 01:26:50,4,12790,12790,0 days 01:26:50,1,Hero's Mansion,7,17532.5
4,1320,880,1635,755,2,0 days 01:09:30,2,4590,,,0,Great Barracks,4,17990
5,1690,1125,2095,965,2,0 days 01:25:40,2,5875,,,0,Great Barracks,5,17990
6,2165,1445,2680,1235,3,0 days 01:44:20,3,7525,7525,0 days 01:44:20,1,Great Barracks,6,17990
20,84935,45735,71870,32665,4,0 days 18:28:10,77,235205,18092.69231,0 days 01:25:14,13,Great Stable,20,18092.69231
19,184530,175560,165305,63430,4,1 days 04:08:50,192,588825,18400.78125,0 days 00:52:46,32,Treasury,19,18400.78125
7,2770,1845,3430,1585,3,0 days 02:06:10,3,9630,,,0,Great Barracks,7,18867.5
8,3545,2365,4390,2025,3,0 days 02:31:20,3,12325,,,0,Great Barracks,8,18867.5
9,4540,3025,5620,2595,3,0 days 03:00:30,5,15780,7890,0 days 01:30:15,2,Great Barracks,9,18867.5
15,44370,42150,38030,12675,3,0 days 09:34:00,46,137225,19603.57143,0 days 01:22:00,7,Trade Office,15,19203.57143
16,56790,53950,48680,16225,4,0 days 11:10:30,55,175645,19516.11111,0 days 01:14:30,9,Trade Office,16,19203.57143
17,72690,69060,62310,20770,4,0 days 13:02:30,67,224830,18735.83333,0 days 01:05:12,12,Trade Office,17,19203.57143
20,232505,221205,208285,79925,4,1 days 08:42:40,230,741920,19524.21053,0 days 00:51:38,38,Treasury,20,19524.21053
10,5810,3875,7195,3320,3,0 days 03:34:20,6,20200,20200,0 days 03:34:20,1,Great Barracks,10,19787.5
11,7440,4960,9210,4250,3,0 days 04:13:40,7,25860,25860,0 days 04:13:40,1,Great Barracks,11,19787.5
12,9520,6345,11785,5440,3,0 days 04:59:10,9,33090,16545,0 days 02:29:35,2,Great Barracks,12,19787.5
8,3660,4505,2535,1125,1,0 days 08:01:00,4,11825,,,0,Great Warehuose,8,20497.85714
9,4685,5765,3245,1440,1,0 days 09:23:00,5,15135,15135,0 days 09:23:00,1,Great Warehuose,9,20497.85714
10,5995,7380,4150,1845,1,0 days 10:58:00,6,19370,19370,0 days 10:58:00,1,Great Warehuose,10,20497.85714
11,7675,9445,5315,2360,2,0 days 12:48:20,7,24795,24795,0 days 12:48:20,1,Great Warehuose,11,20497.85714
12,9825,12090,6800,3020,2,0 days 14:56:20,9,31735,15867.5,0 days 07:28:10,2,Great Warehuose,12,20497.85714
13,12575,15475,8705,3870,2,0 days 17:24:40,11,40625,20312.5,0 days 08:42:20,2,Great Warehuose,13,20497.85714
13,12185,8125,15085,6965,3,0 days 05:52:10,11,42360,21180,0 days 02:56:05,2,Great Barracks,13,21180
18,93045,88395,79755,26585,4,0 days 15:12:20,80,287780,22136.92308,0 days 01:10:10,13,Trade Office,18,22136.92308
19,119100,113145,102085,34030,4,0 days 17:43:00,96,368360,23022.5,0 days 01:06:26,16,Trade Office,19,23022.5
8,2535,3260,2535,725,1,0 days 03:30:40,4,9055,,,0,Cropland,8,24180
9,4235,5445,4235,1210,1,0 days 05:40:30,5,15125,15125,0 days 05:40:30,1,Cropland,9,24180
8,2900,1450,2900,1810,2,0 days 04:02:00,4,9060,,,0,Clay Pit,8,24185
9,4840,2420,4840,3025,2,0 days 06:30:30,5,15125,15125,0 days 06:30:30,1,Clay Pit,9,24185
8,1450,3625,1810,2175,2,0 days 04:19:50,4,9060,,,0,Woodcutter,8,24185
9,2420,6050,3025,3630,2,0 days 06:59:10,5,15125,15125,0 days 06:59:10,1,Woodcutter,9,24185
20,152445,144825,130670,43555,4,0 days 20:37:40,115,471495,24815.52632,0 days 01:05:08,19,Trade Office,20,24815.52632
10,8080,4040,8080,5050,2,0 days 10:28:10,6,25250,25250,0 days 10:28:10,1,Clay Pit,10,25250
10,7070,9095,7070,2020,1,0 days 09:08:00,6,25255,25255,0 days 09:08:00,1,Cropland,10,25255
10,4040,10105,5050,6060,2,0 days 11:14:00,6,25255,25255,0 days 11:14:00,1,Woodcutter,10,25255
14,16095,19805,11140,4950,2,0 days 20:16:50,13,51990,25995,0 days 10:08:25,2,Great Warehuose,14,25995
8,3625,2900,1085,2175,2,0 days 05:44:50,4,9785,,,0,Iron Mine,8,26120
9,6050,4840,1815,3630,2,0 days 09:15:10,5,16335,16335,0 days 09:15:10,1,Iron Mine,9,26120
14,15600,10400,19310,8915,3,0 days 06:53:30,13,54225,27112.5,0 days 03:26:45,2,Great Barracks,14,27112.5
10,10105,8080,3030,6060,2,0 days 14:51:40,6,27275,27275,0 days 14:51:40,1,Iron Mine,10,27275
15,20600,25355,14260,6340,2,0 days 23:36:30,15,66555,33277.5,0 days 11:48:15,2,Great Warehuose,15,28596.42857
16,26365,32450,18255,8115,2,1 days 03:28:10,18,85185,28395,0 days 09:09:23,3,Great Warehuose,16,28596.42857
17,33750,41540,23365,10385,2,1 days 07:56:50,22,109040,27260,0 days 07:59:12,4,Great Warehuose,17,28596.42857
18,43200,53170,29910,13290,2,1 days 13:08:30,27,139570,27914,0 days 07:25:42,5,Great Warehuose,18,28596.42857
15,19965,13310,24270,11410,3,0 days 08:04:40,15,68955,34477.5,0 days 04:02:20,2,Great Barracks,15,29789.28571
16,25555,17035,31640,14605,4,0 days 09:27:10,18,88835,29611.66667,0 days 03:09:03,3,Great Barracks,16,29789.28571
17,32710,21810,40500,18690,4,0 days 11:02:50,22,113710,28427.5,0 days 02:45:42,4,Great Barracks,17,29789.28571
18,41870,27915,51840,23925,4,0 days 12:54:00,27,145550,29110,0 days 02:34:48,5,Great Barracks,18,29789.28571
8,5155,4930,5155,1765,2,0 days 01:40:40,4,17005,,,0,Hero's Mansion,8,32586
9,6855,6560,6855,2350,2,0 days 01:56:50,5,22620,22620,0 days 01:56:50,1,Hero's Mansion,9,32586
10,9115,8725,9115,3125,2,0 days 02:15:30,6,30080,30080,0 days 02:15:30,1,Hero's Mansion,10,32586
11,12125,11605,12125,4155,2,0 days 02:37:10,7,40010,40010,0 days 02:37:10,1,Hero's Mansion,11,32586
12,16125,15435,16125,5530,2,0 days 03:02:20,9,53215,26607.5,0 days 01:31:10,2,Hero's Mansion,12,32586
13,21455,20525,21445,7350,2,0 days 03:31:30,11,70775,35387.5,0 days 01:45:45,2,Hero's Mansion,13,35387.5
19,55295,68055,38280,17015,2,1 days 19:10:00,32,178645,35729,0 days 08:38:00,5,Great Warehuose,19,35729
4,3670,4720,3210,505,1,0 days 01:48:30,2,12105,,,0,Tournament Square,4,36397.5
5,4700,6040,4105,645,1,0 days 02:11:00,2,15490,,,0,Tournament Square,5,36397.5
6,6015,7730,5255,825,1,0 days 02:36:50,3,19825,19825,0 days 02:36:50,1,Tournament Square,6,36397.5
7,7695,9895,6730,1055,1,0 days 03:07:00,4,25375,25375,0 days 03:07:00,1,Tournament Square,7,36397.5
19,53595,35730,66355,30625,4,0 days 15:02:50,32,186305,37261,0 days 03:00:34,5,Great Barracks,19,37261
11,6750,16870,8435,10125,2,0 days 18:01:40,7,42180,42180,0 days 18:01:40,1,Woodcutter,11,37540
12,11270,28175,14090,16905,2,1 days 04:54:10,9,70440,35220,0 days 14:27:05,2,Woodcutter,12,37540
11,11810,15185,11810,3375,1,0 days 14:40:10,7,42180,42180,0 days 14:40:10,1,Cropland,11,37541.66667
12,19725,25360,19725,5635,1,0 days 23:31:40,9,70445,35222.5,0 days 11:45:50,2,Cropland,12,37541.66667
11,13500,6750,13500,8435,2,0 days 10:28:10,7,42185,42185,0 days 10:28:10,1,Clay Pit,11,37541.66667
12,22540,11270,22540,14090,2,0 days 16:48:30,9,70440,35220,0 days 08:24:15,2,Clay Pit,12,37541.66667
20,70780,87110,49000,21780,2,2 days 02:09:30,38,228670,38111.66667,0 days 08:21:35,6,Great Warehuose,20,38111.66667
20,68600,45735,84935,39200,4,0 days 17:32:10,38,238470,39745,0 days 02:55:21,6,Great Barracks,20,39745
11,16870,13500,5060,10125,3,0 days 23:50:00,7,45555,45555,0 days 23:50:00,1,Iron Mine,11,40543.33333
12,28175,22540,8455,16905,3,1 days 14:11:10,9,76075,38037.5,0 days 19:05:35,2,Iron Mine,12,40543.33333
14,28520,27300,28520,9780,2,0 days 04:05:20,13,94120,47060,0 days 02:02:40,2,Hero's Mansion,14,47060
8,9850,12665,8615,1350,1,0 days 03:42:00,4,32480,,,0,Tournament Square,8,56314.28571
9,12610,16215,11025,1730,1,0 days 04:22:30,5,41580,41580,0 days 04:22:30,1,Tournament Square,9,56314.28571
10,16140,20755,14110,2215,1,0 days 05:09:30,6,53220,53220,0 days 05:09:30,1,Tournament Square,10,56314.28571
11,20660,26565,18065,2835,2,0 days 06:04:00,7,68125,68125,0 days 06:04:00,1,Tournament Square,11,56314.28571
12,26445,34000,23120,3625,2,0 days 07:07:10,9,87190,43595,0 days 03:33:35,2,Tournament Square,12,56314.28571
13,33850,43520,29595,4640,2,0 days 08:20:30,11,111605,55802.5,0 days 04:10:15,2,Tournament Square,13,56314.28571
15,37935,36310,37935,13005,2,0 days 04:44:30,15,125185,62592.5,0 days 02:22:15,2,Hero's Mansion,15,57011.66667
16,50450,48290,50450,17300,3,0 days 05:30:00,18,166490,55496.66667,0 days 01:50:00,3,Hero's Mansion,16,57011.66667
17,67100,64225,67100,23005,3,0 days 06:22:50,22,221430,55357.5,0 days 01:35:42,4,Hero's Mansion,17,57011.66667
13,18820,47055,23525,28230,2,1 days 22:18:00,11,117630,58815,0 days 23:09:00,2,Woodcutter,13,58815
13,37645,18820,37645,23525,2,1 days 02:56:50,11,117635,58817.5,0 days 13:28:25,2,Clay Pit,13,58817.5
13,32940,42350,32940,9410,1,1 days 13:41:50,11,117640,58820,0 days 18:50:55,2,Cropland,13,58820
18,89245,85420,89245,30600,3,0 days 07:24:10,27,294510,58902,0 days 01:28:50,5,Hero's Mansion,18,58902
13,47055,37645,14115,28230,3,2 days 13:09:20,11,127045,63522.5,1 days 06:34:40,2,Iron Mine,13,63522.5
14,43330,55705,37880,5940,2,0 days 09:45:40,13,142855,71427.5,0 days 04:52:50,2,Tournament Square,14,71427.5
19,118695,113605,118695,40695,3,0 days 08:35:10,32,391690,78338,0 days 01:43:02,5,Hero's Mansion,19,78338
15,55460,71305,48490,7605,2,0 days 11:24:20,15,182860,91430,0 days 05:42:10,2,Tournament Square,15,78570.71429
16,70990,91270,62065,9735,2,0 days 13:18:50,18,234060,78020,0 days 04:26:16,3,Tournament Square,16,78570.71429
17,90865,116825,79440,12460,2,0 days 15:31:40,22,299590,74897.5,0 days 03:52:55,4,Tournament Square,17,78570.71429
18,116305,149540,101685,15950,2,0 days 18:05:40,27,383480,76696,0 days 03:37:08,5,Tournament Square,18,78570.71429
20,157865,151095,157865,54125,3,0 days 09:57:40,38,520950,86825,0 days 01:39:36,6,Hero's Mansion,20,86825
19,148875,191410,130160,20415,2,0 days 21:04:20,32,490860,98172,0 days 04:12:52,5,Tournament Square,19,98172
14,55005,70720,55005,15715,1,2 days 12:22:20,13,196445,98222.5,1 days 06:11:10,2,Cropland,14,98222.5
14,62865,31430,62865,39290,2,1 days 19:10:20,13,196450,98225,0 days 21:35:10,2,Clay Pit,14,98225
14,31430,78580,39290,47150,2,3 days 02:08:00,13,196450,98225,1 days 13:04:00,2,Woodcutter,14,98225
20,190560,245005,166600,26135,2,1 days 00:31:40,38,628300,104716.6667,0 days 04:05:16,6,Tournament Square,20,104716.6667
14,78580,62865,23575,47150,3,4 days 01:54:10,13,212170,106085,2 days 00:57:05,2,Iron Mine,14,106085
15,91860,118105,91860,26245,1,4 days 00:39:10,15,328070,164035,2 days 00:19:35,2,Cropland,15,164035
15,52490,131230,65615,78740,2,4 days 22:40:10,15,328075,164037.5,2 days 11:20:05,2,Woodcutter,15,164037.5
15,104985,52490,104985,65615,2,2 days 21:07:50,15,328075,164037.5,1 days 10:33:55,2,Clay Pit,15,164037.5
15,131230,104985,39370,78740,3,6 days 12:42:00,15,354325,177162.5,3 days 06:21:00,2,Iron Mine,15,177162.5
16,175320,87660,175320,109575,3,4 days 14:39:50,18,547875,182625,1 days 12:53:16.667000,3,Clay Pit,16,182625
16,87660,219155,109575,131490,3,7 days 21:55:30,18,547880,182626.6667,2 days 15:18:30,3,Woodcutter,16,182626.6667
16,153405,197240,153405,43830,2,6 days 10:41:50,18,547880,182626.6667,2 days 03:33:56.667000,3,Cropland,16,182626.6667
16,219155,175320,65745,131490,3,10 days 10:46:30,18,591710,197236.6667,3 days 11:35:30,3,Iron Mine,16,197236.6667
17,256190,329385,256190,73195,2,10 days 07:34:20,22,914960,228740,2 days 13:53:35,4,Cropland,17,228740
17,146395,365985,182995,219590,3,12 days 15:56:10,22,914965,228741.25,3 days 03:59:02.500000,4,Woodcutter,17,228741.25
17,292790,146395,292790,182995,3,7 days 09:07:00,22,914970,228742.5,1 days 20:16:45,4,Clay Pit,17,228742.5
17,365985,292790,109795,219590,3,16 days 17:17:40,22,988160,247040,4 days 04:19:25,4,Iron Mine,17,247040
18,427835,550075,427835,122240,2,16 days 12:10:10,27,1527985,305597,3 days 07:14:02,5,Cropland,18,305597
18,488955,244480,488955,305600,3,11 days 19:26:30,27,1527990,305598,2 days 08:41:18,5,Clay Pit,18,305598
18,244480,611195,305600,366715,3,20 days 06:21:20,27,1527990,305598,4 days 01:16:16,5,Woodcutter,18,305598
18,611195,488955,183360,366715,3,26 days 18:07:40,27,1650225,330045,5 days 08:25:32,5,Iron Mine,18,330045
19,714485,918625,714485,204140,2,26 days 09:55:00,32,2551735,510347,5 days 06:47:00,5,Cropland,19,510347
19,816555,408280,816555,510350,3,18 days 21:33:40,32,2551740,510348,3 days 18:42:44,5,Clay Pit,19,510348
19,408280,1020695,510350,612420,3,32 days 10:13:20,32,2551745,510349,6 days 11:38:40,5,Woodcutter,19,510349
19,1020695,816555,306210,612420,3,42 days 19:27:30,32,2755880,551176,8 days 13:29:30,5,Iron Mine,19,551176
20,1363650,681825,1363650,852280,3,30 days 05:45:10,38,4261405,710234.1667,5 days 00:57:31.667000,6,Clay Pit,20,710234.1667
20,1193195,1534105,1193195,340915,2,42 days 06:20:30,38,4261410,710235,7 days 01:03:25,6,Cropland,20,710235
20,681825,1704565,852280,1022740,3,51 days 21:12:50,38,4261410,710235,8 days 15:32:08.333000,6,Woodcutter,20,710235
20,1704565,1363650,511370,1022740,3,67 days 11:59:30,38,4602325,767054.1667,11 days 09:59:55,6,Iron Mine,20,767054.1667